Date,0
2013-01-02,1000000.0
2013-01-03,1000000.0
2013-01-04,1000000.0
2013-01-07,1000000.0
2013-01-08,1000000.0
2013-01-09,1000000.0
2013-01-10,1000000.0
2013-01-11,1000000.0
2013-01-14,1000000.0
2013-01-15,1000000.0
2013-01-16,1000000.0
2013-01-17,1000000.0
2013-01-18,1000000.0
2013-01-21,1000000.0
2013-01-22,1000000.0
2013-01-23,1000000.0
2013-01-24,1000000.0
2013-01-28,1000000.0
2013-01-29,1000000.0
2013-01-30,1000000.0
2013-01-31,1000000.0
2013-02-01,1000000.0
2013-02-04,1000000.0
2013-02-05,1000000.0
2013-02-06,1000000.0
2013-02-07,1000000.0
2013-02-08,1000000.0
2013-02-13,1000000.0
2013-02-14,1000000.0
2013-02-15,1000000.0
2013-02-18,1000000.0
2013-02-19,1000000.0
2013-02-20,1000000.0
2013-02-21,1000000.0
2013-02-22,1000000.0
2013-02-25,1000000.0
2013-02-26,1000000.0
2013-02-27,1000000.0
2013-02-28,1000000.0
2013-03-01,1000000.0
2013-03-04,1000000.0
2013-03-05,1000000.0
2013-03-06,1000000.0
2013-03-07,1000000.0
2013-03-08,1000000.0
2013-03-11,1000000.0
2013-03-12,1000000.0
2013-03-13,1000000.0
2013-03-14,1000000.0
2013-03-15,1000000.0
2013-03-18,1000000.0
2013-03-19,1000000.0
2013-03-20,1000000.0
2013-03-21,1000000.0
2013-03-22,1000000.0
2013-03-25,1000000.0
2013-03-26,1000000.0
2013-03-27,1000000.0
2013-03-28,1000000.0
2013-04-01,1000000.0
2013-04-02,1000000.0
2013-04-03,1000000.0
2013-04-04,1000000.0
2013-04-05,1000000.0
2013-04-08,1000000.0
2013-04-09,1000000.0
2013-04-10,1000000.0
2013-04-11,1000000.0
2013-04-12,1000000.0
2013-04-15,1000000.0
2013-04-16,1000000.0
2013-04-17,1000000.0
2013-04-18,1000000.0
2013-04-19,1000000.0
2013-04-22,1000000.0
2013-04-23,1000000.0
2013-04-24,1000000.0
2013-04-25,1000000.0
2013-04-26,1000000.0
2013-04-29,1000000.0
2013-04-30,1000000.0
2013-05-02,1000000.0
2013-05-03,1000000.0
2013-05-06,1000000.0
2013-05-07,1000000.0
2013-05-08,1000000.0
2013-05-09,1000000.0
2013-05-10,1000000.0
2013-05-13,1000000.0
2013-05-14,1000000.0
2013-05-15,1000000.0
2013-05-16,1000000.0
2013-05-17,1000000.0
2013-05-20,1000000.0
2013-05-21,1000000.0
2013-05-22,1000000.0
2013-05-23,1000000.0
2013-05-24,1000000.0
2013-05-27,1000000.0
2013-05-28,1000000.0
2013-05-29,1000000.0
2013-05-31,1000000.0
2013-06-03,1000000.0
2013-06-04,1000000.0
2013-06-05,1000000.0
2013-06-06,1000000.0
2013-06-07,1000000.0
2013-06-10,1000000.0
2013-06-11,1000000.0
2013-06-12,1000000.0
2013-06-13,1000000.0
2013-06-14,1000000.0
2013-06-17,1000000.0
2013-06-18,1000000.0
2013-06-19,1000000.0
2013-06-20,1000000.0
2013-06-21,1000000.0
2013-06-24,1000000.0
2013-06-25,1000000.0
2013-06-26,1000000.0
2013-06-27,1000000.0
2013-06-28,1000000.0
2013-07-01,1000000.0
2013-07-02,1000000.0
2013-07-03,1000000.0
2013-07-04,1000000.0
2013-07-05,1000000.0
2013-07-08,1000000.0
2013-07-10,1000000.0
2013-07-11,1000000.0
2013-07-12,1000000.0
2013-07-15,1000000.0
2013-07-16,1000000.0
2013-07-17,1000000.0
2013-07-18,1000000.0
2013-07-19,1000000.0
2013-07-22,1000000.0
2013-07-23,1000000.0
2013-07-24,1000000.0
2013-07-25,1000000.0
2013-07-26,1000000.0
2013-07-29,1000000.0
2013-07-30,1000000.0
2013-07-31,1000000.0
2013-08-01,1006876.448646307
2013-08-02,1004838.9779007435
2013-08-05,1009493.9607934952
2013-08-06,1001962.7308511734
2013-08-07,1001653.680636406
2013-08-08,1005664.4687166214
2013-08-09,1012344.5418577194
2013-08-12,1014764.0107383728
2013-08-13,1014706.826590538
2013-08-14,1012343.8275225163
2013-08-15,1004749.884802103
2013-08-16,1002868.7303965092
2013-08-19,1005328.5147840977
2013-08-20,996111.4444131851
2013-08-21,992135.2300958633
2013-08-22,992835.6980390549
2013-08-23,995700.7341687679
2013-08-26,996506.742464304
2013-08-27,989990.7211067677
2013-08-28,989342.5164291859
2013-08-29,991661.8217318058
2013-08-30,994529.4764969349
2013-09-02,994487.5541422367
2013-09-03,990264.7982170582
2013-09-04,991889.0080263615
2013-09-05,999899.1626989841
2013-09-06,1004065.688608408
2013-09-09,1007136.0684359074
2013-09-10,1009255.4839966297
2013-09-11,1005882.7089512348
2013-09-12,1002192.4453346729
2013-09-13,999569.92095685
2013-09-16,1000719.9452850819
2013-09-17,1001851.4645740986
2013-09-18,1005987.9041035175
2013-09-19,1005115.5533440113
2013-09-20,1006080.2212994099
2013-09-23,1007643.1160719395
2013-09-24,1005927.851845026
2013-09-25,1008729.441316843
2013-09-26,1011982.3290541172
2013-09-27,1015667.4008677006
2013-09-30,1011976.103587389
2013-10-01,1020597.9797269106
2013-10-02,1019733.5206497908
2013-10-03,1013161.2887243032
2013-10-04,1011139.9095081091
2013-10-07,1010105.0572298765
2013-10-08,1003431.0908304453
2013-10-09,1014230.5173643827
2013-10-10,1018206.1720920801
2013-10-11,1023423.3625496626
2013-10-14,1024289.0347555876
2013-10-15,1028497.7035573721
2013-10-16,1021715.1241608858
2013-10-17,1026763.1465255022
2013-10-18,1027661.5541368723
2013-10-21,1027969.2561196089
2013-10-22,1017498.8599799871
2013-10-23,1015222.3158797026
2013-10-24,1013525.9034687281
2013-10-25,1012995.6247228384
2013-10-28,1011477.460318923
2013-10-29,1013649.8383718729
2013-10-30,1010106.7212828398
2013-10-31,1017396.9804788828
2013-11-01,1014383.0564800501
2013-11-04,998536.8421617746
2013-11-05,994960.7869044542
2013-11-06,990112.676871419
2013-11-07,985958.4047762156
2013-11-08,976174.4956277609
2013-11-11,983351.5603977442
2013-11-12,978447.0204788446
2013-11-13,979100.5559245348
2013-11-14,994523.1726042032
2013-11-18,999518.522126317
2013-11-19,994151.5687166452
2013-11-21,992655.2689543962
2013-11-22,990842.4649978876
2013-11-25,987609.184743762
2013-11-26,977775.04288733
2013-11-27,978536.6542893648
2013-11-28,975834.3859006166
2013-11-29,979288.6139599085
2013-12-02,971242.6013046503
2013-12-03,960657.5409947634
2013-12-04,959500.8357564211
2013-12-05,962700.5568839312
2013-12-06,965292.469594121
2013-12-09,962682.4917279482
2013-12-10,964637.0892859697
2013-12-11,956064.2730771303
2013-12-12,957316.8954106569
2013-12-13,955240.6359158754
2013-12-16,956769.3208743334
2013-12-17,958287.2759553194
2013-12-18,963522.8013831377
2013-12-19,969716.9379130602
2013-12-20,970691.7618609667
2013-12-23,974278.6340018511
2013-12-26,974279.3917027712
2013-12-27,977338.2602034807
2013-12-30,981328.7491923571
2014-01-02,972898.3096266985
2014-01-03,977365.938352704
2014-01-06,974857.7819396257
2014-01-07,971316.8746958971
2014-01-08,973067.8734904528
2014-01-09,960502.6891986132
2014-01-10,961585.4689122438
2014-01-13,960308.3423014879
2014-01-14,959917.771710515
2014-01-15,963079.4524060488
2014-01-16,960446.5618354082
2014-01-17,954446.1705628633
2014-01-20,953176.3264266253
2014-01-21,946914.8001748323
2014-01-22,948016.037959218
2014-01-23,942049.9604779482
2014-01-24,940761.9805585146
2014-01-27,938614.2778836489
2014-01-28,938369.1545697451
2014-01-29,937669.6007415056
2014-01-30,935887.596257329
2014-01-31,936564.6428948641
2014-02-03,919613.6407624483
2014-02-04,920673.2729693651
2014-02-05,919068.0441595316
2014-02-06,926569.7257705927
2014-02-07,923981.8108979464
2014-02-10,915362.317379117
2014-02-11,912897.6011291742
2014-02-12,912790.2592197657
2014-02-13,907951.6750680208
2014-02-14,908517.9213491678
2014-02-17,890703.8866708279
2014-02-18,886216.7542955875
2014-02-19,889329.5844004154
2014-02-20,891088.58497262
2014-02-21,889775.2315762043
2014-02-24,889413.0616557598
2014-02-25,887776.4494178295
2014-02-26,889020.3193910122
2014-02-27,892783.0975568295
2014-02-28,889318.4732663631
2014-03-05,889397.2325537205
2014-03-06,884930.3574216366
2014-03-07,877834.5052473545
2014-03-10,860483.1358733177
2014-03-11,859246.2980544567
2014-03-12,857643.1933889389
2014-03-13,855175.1864571571
2014-03-14,852815.1756529808
2014-03-17,854113.1798138618
2014-03-18,859089.3759675026
2014-03-19,863094.0363221169
2014-03-20,863739.6745591164
2014-03-21,853009.0550122261
2014-03-24,856628.9078335762
2014-03-25,858087.0351500511
2014-03-26,857641.7891774178
2014-03-27,859511.9776864052
2014-03-28,872636.2458529472
2014-03-31,877787.8320889473
2014-04-01,873254.3507528305
2014-04-02,879429.4741482735
2014-04-03,878459.8165631294
2014-04-04,880787.0871362686
2014-04-07,881289.9900693893
2014-04-08,874339.2940430641
2014-04-09,874689.2864274979
2014-04-10,878886.0329375267
2014-04-11,878220.034766674
2014-04-14,880456.3181266785
2014-04-15,874027.9733543396
2014-04-16,881742.0397319794
2014-04-17,888112.9405236244
2014-04-22,889965.487560749
2014-04-23,886604.9987096786
2014-04-24,885613.02693367
2014-04-25,883679.7011013031
2014-04-28,880075.7808403969
2014-04-29,886520.7225728035
2014-04-30,886817.1647772789
2014-05-02,895022.7019979954
2014-05-05,895259.1297843456
2014-05-06,896399.3109288216
2014-05-07,896690.8899788857
2014-05-08,900475.3034057617
2014-05-09,902140.8300867081
2014-05-12,906333.3647463322
2014-05-13,907625.5097208023
2014-05-14,914338.4173536301
2014-05-15,908283.3917748928
2014-05-16,913319.6855294704
2014-05-19,911291.8692810535
2014-05-20,894007.3653140068
2014-05-21,897682.7481529713
2014-05-22,901235.2922856808
2014-05-23,902800.3452112675
2014-05-26,912992.9179353714
2014-05-27,904974.6856458187
2014-05-28,904506.5229361057
2014-05-29,905381.2785446644
2014-05-30,901640.9232423306
2014-06-02,904433.7069792747
2014-06-03,905755.858751297
2014-06-04,906859.1410207748
2014-06-05,905203.5574901104
2014-06-06,913430.7592422962
2014-06-09,919316.518137455
2014-06-10,924592.1670696735
2014-06-11,923410.7588403225
2014-06-13,920022.2057607174
2014-06-16,919553.6754162312
2014-06-17,918431.2789213657
2014-06-18,922537.5271847248
2014-06-20,920945.6407916546
2014-06-23,921197.3070027828
2014-06-24,924950.9469850063
2014-06-25,920043.9852180481
2014-06-26,920254.9520001411
2014-06-27,915477.4927835464
2014-06-30,917924.0285031796
2014-07-01,916005.6252045631
2014-07-02,913824.3578460217
2014-07-03,914565.1246027946
2014-07-04,918165.7099511623
2014-07-07,912660.9092776775
2014-07-08,909321.0189490318
2014-07-10,911120.4594655037
2014-07-11,913547.7061905861
2014-07-14,917679.1643750668
2014-07-15,918006.8017084599
2014-07-16,915033.7987952232
2014-07-17,909354.9488170147
2014-07-18,914883.1638743877
2014-07-21,919204.21383214
2014-07-22,925759.5988960266
2014-07-23,921319.7832963467
2014-07-24,919361.265365839
2014-07-25,918512.7171838284
2014-07-28,914675.6471965313
2014-07-29,897085.2616574764
2014-07-30,896126.269961834
2014-07-31,889843.4968357086
2014-08-01,894084.5634121895
2014-08-04,902786.2048478127
2014-08-05,901040.4528701305
2014-08-06,899123.0075445175
2014-08-07,900400.7366807461
2014-08-08,893647.9347453117
2014-08-11,903185.6421031952
2014-08-12,901770.8687868118
2014-08-13,899706.5460038185
2014-08-14,901328.2851052284
2014-08-15,906488.3029341698
2014-08-18,909320.8425314426
2014-08-19,912253.2434885502
2014-08-20,912775.9691975117
2014-08-21,916821.7763059139
2014-08-22,912986.5027201176
2014-08-25,921912.0592935085
2014-08-26,925500.4797813892
2014-08-27,937735.0006449223
2014-08-28,934751.9752237797
2014-08-29,941129.492569685
2014-09-01,935783.7959077358
2014-09-02,936750.7480566502
2014-09-03,936880.5436971188
2014-09-04,931167.3963143826
2014-09-05,932934.393809557
2014-09-08,920367.9331843853
2014-09-09,914269.1431310177
2014-09-10,909841.7641952038
2014-09-11,909811.4489867687
2014-09-12,895384.5059235096
2014-09-15,897040.4876277447
2014-09-16,900938.7870848179
2014-09-17,899904.443097353
2014-09-18,896753.932819128
2014-09-19,895386.2530782223
2014-09-22,889419.0668990612
2014-09-23,890584.3577778339
2014-09-24,893583.2602336407
2014-09-25,887911.4332849979
2014-09-26,894396.1804225445
2014-09-29,886257.5386054516
2014-09-30,886823.2031929493
2014-10-01,870607.931935072
2014-10-02,867352.1796114445
2014-10-03,876887.6492011547
2014-10-06,900468.1349937916
2014-10-07,904202.8248691559
2014-10-08,902434.9905867577
2014-10-09,902361.1743690968
2014-10-10,887541.3232634068
2014-10-13,908096.8343086243
2014-10-14,907497.1148955822
2014-10-15,886977.0146825314
2014-10-16,872641.0549948215
2014-10-17,879225.8229775429
2014-10-20,870597.2515554428
2014-10-21,855100.2452740669
2014-10-22,852366.7851188183
2014-10-23,845817.0239486694
2014-10-24,846972.9545240402
2014-10-27,848420.477553606
2014-10-28,853676.7717635632
2014-10-29,853710.6396238804
2014-10-30,854763.086104393
2014-10-31,857577.0373411179
2014-11-03,851565.1108112335
2014-11-04,855356.3754832745
2014-11-05,849409.5351762772
2014-11-06,847425.7956707478
2014-11-07,848700.0912556648
2014-11-10,844318.8197193146
2014-11-11,843351.588539362
2014-11-12,845905.4437923431
2014-11-13,834527.3630740643
2014-11-14,837086.3921580315
2014-11-17,835403.5157654285
2014-11-18,840616.0954170227
2014-11-19,845688.5447525978
2014-11-21,854058.1738891602
2014-11-24,850276.3950819969
2014-11-25,841474.5503044128
2014-11-26,838410.2254009247
2014-11-27,844555.2183475494
2014-11-28,846739.1236052513
2014-12-01,837893.5090584755
2014-12-02,838818.564868927
2014-12-03,838525.8808617592
2014-12-04,834026.3806567192
2014-12-05,837722.2753653526
2014-12-08,835031.3158884048
2014-12-09,833984.4020996094
2014-12-10,835634.5356659889
2014-12-11,837898.4204673767
2014-12-12,828140.3963270187
2014-12-15,821723.7993116379
2014-12-16,820069.8512887955
2014-12-17,822681.017147541
2014-12-18,824867.6373524666
2014-12-19,827097.8380112648
2014-12-22,829768.4084239006
2014-12-23,830662.3978872299
2014-12-26,832316.2708206177
2014-12-29,837142.5497875214
2014-12-30,836520.8376116753
2015-01-02,834792.470849514
2015-01-05,832492.046307087
2015-01-06,831153.9279174805
2015-01-07,829835.7444839478
2015-01-08,829924.3994464874
2015-01-09,831409.6900877953
2015-01-12,828444.5146784782
2015-01-13,826689.7486448288
2015-01-14,826186.9499735832
2015-01-15,825272.5253419876
2015-01-16,826136.3458976746
2015-01-19,825334.6296615601
2015-01-20,825956.5968332291
2015-01-21,827453.3773002625
2015-01-22,826893.6469249725
2015-01-23,824555.5326313972
2015-01-26,824102.5207695961
2015-01-27,826227.4502811432
2015-01-28,826606.4935798645
2015-01-29,829241.0093536377
2015-01-30,825758.1425347328
2015-02-02,827555.7198419571
2015-02-03,828702.0114831924
2015-02-04,826152.0110497475
2015-02-05,825412.2277450562
2015-02-06,821791.0020027161
2015-02-09,825673.7312469482
2015-02-10,824977.4386372566
2015-02-11,823448.3105964661
2015-02-12,822117.2021493912
2015-02-13,822586.1600666046
2015-02-18,824143.6895799637
2015-02-19,823877.4864549637
2015-02-20,823193.0904984474
2015-02-23,824094.514641285
2015-02-24,824225.8523602486
2015-02-25,823511.1750636101
2015-02-26,823821.6066880226
2015-02-27,821355.2339553833
2015-03-02,821111.1909761429
2015-03-03,822390.3626656532
2015-03-04,821464.1281485558
2015-03-05,822351.2381072044
2015-03-06,822022.3757948875
2015-03-09,821788.360270977
2015-03-10,820286.0430989265
2015-03-11,822999.7589035034
2015-03-12,824129.7285313606
2015-03-13,823644.127767086
2015-03-16,822947.5898718834
2015-03-17,823505.0570468903
2015-03-18,826475.7347393036
2015-03-19,827538.18972826
2015-03-20,826482.2418117523
2015-03-23,826550.3686785698
2015-03-24,825464.8322205544
2015-03-25,825805.2507762909
2015-03-26,824146.401052475
2015-03-27,826375.2683887482
2015-03-30,828742.092236042
2015-03-31,827596.2548604012
2015-04-01,834419.5922374725
2015-04-02,837744.690422535
2015-04-06,844573.397588253
2015-04-07,842545.3321585655
2015-04-08,834700.8525915146
2015-04-09,834915.4532856941
2015-04-10,838715.4136071205
2015-04-13,835049.1512761116
2015-04-14,840438.979888916
2015-04-15,843229.8588643074
2015-04-16,843589.6426510811
2015-04-17,841363.6528811455
2015-04-20,844473.2020740509
2015-04-22,846347.4310846329
2015-04-23,854250.9715600014
2015-04-24,852092.5807709694
2015-04-27,848408.0867643356
2015-04-28,847981.8023576736
2015-04-29,847210.1363019943
2015-04-30,851945.658654213
2015-05-04,867273.8076980114
2015-05-05,870188.4762217999
2015-05-06,870739.1985325813
2015-05-07,869067.4951069355
2015-05-08,878520.2244358063
2015-05-11,873974.6741821766
2015-05-12,871341.7625808716
2015-05-13,864709.4808256626
2015-05-14,873885.5944821835
2015-05-15,884008.8687222004
2015-05-18,881910.5807044506
2015-05-19,877260.4179122448
2015-05-20,874547.2026896477
2015-05-21,872885.4769847393
2015-05-22,864040.8721368313
2015-05-25,864267.4314553738
2015-05-26,857900.2084305286
2015-05-27,863959.0698449612
2015-05-28,860425.637983799
2015-05-29,850405.068100214
2015-06-01,853629.047426939
2015-06-02,857556.9819128513
2015-06-03,856724.9407453537
2015-06-05,856695.226994276
2015-06-08,858111.5441308022
2015-06-09,855353.7411370277
2015-06-10,858224.3961269855
2015-06-11,858157.2750806808
2015-06-12,855126.5734651089
2015-06-15,855876.710627079
2015-06-16,856968.1427602768
2015-06-17,857889.8558533192
2015-06-18,863065.4862327576
2015-06-19,862345.4623966217
2015-06-22,866455.7323000431
2015-06-23,867255.5984427929
2015-06-24,866223.1555175781
2015-06-25,864872.9814462662
2015-06-26,869845.9113001823
2015-06-29,864891.351943016
2015-06-30,870634.6156420708
2015-07-01,871597.8835391998
2015-07-02,877114.0897445679
2015-07-03,873725.9881286621
2015-07-06,866434.2026324272
2015-07-07,870354.4528441429
2015-07-08,860727.5975952148
2015-07-10,863561.283782959
2015-07-13,862919.9810729027
2015-07-14,865399.6007533073
2015-07-15,870404.5180110931
2015-07-16,868902.6162366867
2015-07-17,863449.5147509575
2015-07-20,863624.0806179047
2015-07-21,863487.9924321175
2015-07-22,859998.2549600601
2015-07-23,846212.1025829315
2015-07-24,842562.7242717743
2015-07-27,838949.87190485
2015-07-28,837738.0806808472
2015-07-29,842841.4666786194
2015-07-30,842987.4855675697
2015-07-31,844806.4497351646
2015-08-03,838019.6839075089
2015-08-04,842150.9864768982
2015-08-05,837410.2064771652
2015-08-06,830649.977607727
2015-08-07,823146.2070803642
2015-08-10,825048.6431641579
2015-08-11,822426.4662899971
2015-08-12,815187.735429287
2015-08-13,811958.4976072311
2015-08-14,811240.0074839592
2015-08-17,814070.7607703209
2015-08-18,816139.0713787079
2015-08-19,811173.8892197609
2015-08-20,805614.9650936127
2015-08-21,801809.4888854027
2015-08-24,796630.6258115768
2015-08-25,806091.1454672813
2015-08-26,810833.7959775925
2015-08-27,809638.1703705788
2015-08-28,809979.2799582481
2015-08-31,810760.812836647
2015-09-01,796906.8509948254
2015-09-02,799692.5535719395
2015-09-03,806912.98072505
2015-09-04,809487.3991115093
2015-09-08,807575.1887676716
2015-09-09,804173.5132524967
2015-09-10,804100.7459044456
2015-09-11,802621.8046939373
2015-09-14,805832.1458666325
2015-09-15,808866.1799552441
2015-09-16,814338.2651441097
2015-09-17,815734.3607265949
2015-09-18,811760.6274745464
2015-09-21,807106.3673346043
2015-09-22,802118.4210779667
2015-09-23,802999.4024488926
2015-09-24,802066.2726399899
2015-09-25,802318.4430611134
2015-09-28,800956.7957103252
2015-09-29,800449.0691187382
2015-09-30,800046.6545436382
2015-10-01,797871.0344390869
2015-10-02,801279.2285733223
2015-10-05,804984.1358809471
2015-10-06,808687.8616714478
2015-10-07,805795.0417256355
2015-10-08,808453.8706235886
2015-10-09,806969.6203651428
2015-10-13,799950.7764778137
2015-10-14,794954.2175784111
2015-10-15,800426.9139676094
2015-10-16,808457.673119545
2015-10-19,812291.0607271194
2015-10-20,808371.4586858749
2015-10-21,808923.6446142197
2015-10-22,812465.4734048843
2015-10-23,810760.1265268326
2015-10-26,812444.977514267
2015-10-27,819536.7900733948
2015-10-28,819355.7710161209
2015-10-29,811344.2641019821
2015-10-30,809424.2226176262
2015-11-03,809625.5425486565
2015-11-04,813739.1191637516
2015-11-05,813730.9773705006
2015-11-06,814580.3847391605
2015-11-09,809651.0417129993
2015-11-10,806737.1767179966
2015-11-11,813478.7580664158
2015-11-12,811799.3322145939
2015-11-13,816301.2983810902
2015-11-16,814902.6668035984
2015-11-17,816693.4845364094
2015-11-18,814480.856374979
2015-11-19,818669.1031267643
2015-11-23,813584.3254473209
2015-11-24,811912.9155914783
2015-11-25,811434.5627987385
2015-11-26,811293.4845230579
2015-11-27,810052.6627047062
2015-11-30,810687.9605591297
2015-12-01,806319.7551956177
2015-12-02,807742.8176560402
2015-12-03,813747.7362892628
2015-12-04,807127.3134167194
2015-12-07,815522.9270713329
2015-12-08,807377.103836298
2015-12-09,815039.8569784164
2015-12-10,812745.6603913307
2015-12-11,813233.7251918316
2015-12-14,803892.9481163025
2015-12-15,804320.2308337688
2015-12-16,804336.1972899437
2015-12-17,805953.774523735
2015-12-18,806100.5617902279
2015-12-21,806647.5539526939
2015-12-22,808382.9029278755
2015-12-23,810650.3946146965
2015-12-28,811843.0280032158
2015-12-29,812387.080393076
2015-12-30,811276.1077442169
2016-01-04,803087.7728941441
2016-01-05,804257.106397152
2016-01-06,805315.575953722
2016-01-07,798157.4740879536
2016-01-08,798169.825701952
2016-01-11,800454.3553717136
2016-01-12,800512.770829916
2016-01-13,800663.2548844814
2016-01-14,799583.534917593
2016-01-15,794761.785487175
2016-01-18,794751.9066724777
2016-01-19,793988.413043499
2016-01-20,794396.4643702507
2016-01-21,792294.9894766808
2016-01-22,794235.294481039
2016-01-26,791523.2889361382
2016-01-27,795637.2204492092
2016-01-28,790546.3717565536
2016-01-29,794336.0394940376
2016-02-01,796362.6925024986
2016-02-02,794209.0399770737
2016-02-03,796080.0662043095
2016-02-04,796420.9393041134
2016-02-05,795034.3098859787
2016-02-10,794864.0101459026
2016-02-11,793836.1003847122
2016-02-12,792190.8050787449
2016-02-15,793269.9133653641
2016-02-16,795218.1168797016
2016-02-17,794906.4564089775
2016-02-18,797389.5387284756
2016-02-19,797752.7899830341
2016-02-22,798990.3709414005
2016-02-23,796599.157181263
2016-02-24,796970.6569223404
2016-02-25,799027.1040241718
2016-02-26,798131.2609035969
2016-02-29,797948.7216410637
2016-03-01,810206.6270902157
2016-03-02,814810.6026284695
2016-03-03,826007.9033753872
2016-03-04,831471.8989565372
2016-03-07,826034.1449460983
2016-03-08,826129.3968398571
2016-03-09,834064.9306912422
2016-03-10,848183.7540509701
2016-03-11,855496.6013848782
2016-03-14,848678.8170487881
2016-03-15,845376.2988066673
2016-03-16,853566.3013756275
2016-03-17,870138.941349268
2016-03-18,876902.4090118408
2016-03-21,882508.4051117897
2016-03-22,886893.2041862011
2016-03-23,884066.7677304745
2016-03-24,877270.5127708912
2016-03-28,890465.4912445545
2016-03-29,900891.1629788876
2016-03-30,895332.355017662
2016-03-31,886272.0507583618
2016-04-01,888000.3970309496
2016-04-04,867955.9388830662
2016-04-05,862388.1896078587
2016-04-06,857574.8066244125
2016-04-07,866578.8468674421
2016-04-08,872630.5652680397
2016-04-11,869472.4042328596
2016-04-12,875378.8050404787
2016-04-13,887038.2296208143
2016-04-14,888662.0712432861
2016-04-15,892772.0938165188
2016-04-18,898257.3244798183
2016-04-19,903010.7725212574
2016-04-20,898467.9833071232
2016-04-22,896965.4686011076
2016-04-25,900643.7709239721
2016-04-26,901577.8695223331
2016-04-27,914216.4982159138
2016-04-28,919775.2280654907
2016-04-29,925211.6672258377
2016-05-02,926657.1389375925
2016-05-03,908959.9164398909
2016-05-04,909901.4139156342
2016-05-05,904415.8209301233
2016-05-06,903534.9551858902
2016-05-09,895257.6261792183
2016-05-10,905470.013830781
2016-05-11,906376.8531309366
2016-05-12,912839.6023334265
2016-05-13,906409.7154320478
2016-05-16,903237.2144973278
2016-05-17,896300.4956825972
2016-05-18,894381.3168406487
2016-05-19,891638.0337949991
2016-05-20,891437.7806895971
2016-05-23,884404.8045215607
2016-05-24,881398.7324575186
2016-05-25,876276.6235455275
2016-05-27,878504.5477155447
2016-05-30,879298.0922187567
2016-05-31,878785.6163166761
2016-06-01,874513.3142596483
2016-06-02,885242.4196199179
2016-06-03,900263.9772144556
2016-06-06,900256.4915419817
2016-06-07,900335.8543763161
2016-06-08,919673.9880125523
2016-06-09,907498.0772122145
2016-06-10,888894.608964324
2016-06-13,884264.090608716
2016-06-14,876257.2469785213
2016-06-15,879625.6278787851
2016-06-16,878903.9433755875
2016-06-17,882841.4207670689
2016-06-20,889906.7893279791
2016-06-21,892401.9013668299
2016-06-22,882724.6022409201
2016-06-23,893308.2902419567
2016-06-24,883418.9419614077
2016-06-27,882616.7939082384
2016-06-28,883553.172994256
2016-06-29,893693.3433374166
2016-06-30,901682.0421380997
2016-07-01,895830.2610352039
2016-07-04,900307.3631910086
2016-07-05,899986.5697512627
2016-07-06,895727.0500679016
2016-07-07,897369.8618341684
2016-07-08,916997.5180937052
2016-07-11,934989.9596345425
2016-07-12,939603.3594373465
2016-07-13,948000.8556338549
2016-07-14,949612.073604703
2016-07-15,949423.4019542933
2016-07-18,963063.1802856922
2016-07-19,969439.3814040422
2016-07-20,960971.5621590614
2016-07-21,961933.7935887575
2016-07-22,968907.1883124113
2016-07-25,966371.9341692924
2016-07-26,967149.6771579981
2016-07-27,971012.6347728968
2016-07-28,975543.9723439217
2016-07-29,991976.2860751152
2016-08-01,985880.816590786
2016-08-02,978771.4241753817
2016-08-03,984145.2437309027
2016-08-04,1003240.8481006622
2016-08-05,1017443.2719669342
2016-08-08,1007953.8715028763
2016-08-09,1011273.2142426968
2016-08-10,1007341.3829375505
2016-08-11,1012777.2778047323
2016-08-12,1010351.1830223799
2016-08-15,1014321.4075254202
2016-08-16,1013303.568572402
2016-08-17,1016448.5603226423
2016-08-18,1017974.278873086
2016-08-19,1016830.7022227049
2016-08-22,1002643.6732722521
2016-08-23,1002269.3762334585
2016-08-24,997263.7359908819
2016-08-25,997307.1358739138
2016-08-26,993401.3758519888
2016-08-29,1001891.1741393805
2016-08-30,1002242.0889610052
2016-08-31,1002411.1099060774
2016-09-01,997538.2817639112
2016-09-02,1005098.190500617
2016-09-05,1007097.7652682066
2016-09-06,1010900.3895555735
2016-09-08,1008689.3316847086
2016-09-09,993840.2897673845
2016-09-12,991175.7967683077
2016-09-13,972301.349621892
2016-09-14,976951.9666610956
2016-09-15,974670.7151175737
2016-09-16,968475.6310421228
2016-09-19,963702.4221755266
2016-09-20,963709.5399338007
2016-09-21,966525.1773039103
2016-09-22,970916.9124218225
2016-09-23,968145.2182019949
2016-09-26,963928.3373588324
2016-09-27,964136.3271120787
2016-09-28,966547.1455258131
2016-09-29,959097.8387640715
2016-09-30,960597.5590263605
2016-10-03,965648.3045948744
2016-10-04,960857.087661624
2016-10-05,967256.5036946535
2016-10-06,972120.5735834837
2016-10-07,971594.6606327295
2016-10-10,983638.6662157774
2016-10-11,978608.7839807272
2016-10-13,984036.209995389
2016-10-14,988577.3097110987
2016-10-17,994176.2505379915
2016-10-18,1008386.8303197622
2016-10-19,1014395.002379775
2016-10-20,1014872.4972976446
2016-10-21,1014090.1354528666
2016-10-24,1014519.9717570543
2016-10-25,1001434.9461182356
2016-10-26,998040.8243438005
2016-10-27,998251.7947229147
2016-10-28,1006955.7554799318
2016-10-31,1008030.4610155821
2016-11-01,988867.7289723158
2016-11-03,983597.7659071684
2016-11-04,972146.3402885199
2016-11-07,990742.6044055223
2016-11-08,988428.6369410753
2016-11-09,984621.1337257624
2016-11-10,943036.3655883074
2016-11-11,931888.8451961279
2016-11-14,931907.4789227247
2016-11-16,932251.1631468534
2016-11-17,931578.0127669573
2016-11-18,931455.5302411318
2016-11-21,934825.3668581247
2016-11-22,934885.6857079268
2016-11-23,933310.6681171656
2016-11-24,935408.6673032045
2016-11-25,935903.15394032
2016-11-28,938246.9551573992
2016-11-29,936146.0410724878
2016-11-30,937196.1200364828
2016-12-01,908236.1394101381
2016-12-02,903846.5526102781
2016-12-05,905943.0665268898
2016-12-06,908499.5145725012
2016-12-07,912420.9080090523
2016-12-08,911870.2235672474
2016-12-09,909683.6614403725
2016-12-12,895295.5344555378
2016-12-13,896370.4645550251
2016-12-14,891404.3693934679
2016-12-15,893654.8662880659
2016-12-16,893395.1783143282
2016-12-19,886469.7350411415
2016-12-20,885702.2730135918
2016-12-21,885427.7586312294
2016-12-22,885721.0881333351
2016-12-23,889107.3459925652
2016-12-26,891837.5301280022
2016-12-27,892934.4251446724
2016-12-28,890931.8101267815
2016-12-29,895170.7213768959
2017-01-02,890121.4155173302
2017-01-03,891153.2727808952
2017-01-04,887747.3752055168
2017-01-05,886701.5333848
2017-01-06,884696.7353348732
2017-01-09,882213.8639950752
2017-01-10,882601.5465245247
2017-01-11,883271.8502087593
2017-01-12,882431.2027173042
2017-01-13,882332.2866635323
2017-01-16,882156.9351468086
2017-01-17,883082.8565583229
2017-01-18,882737.2666592598
2017-01-19,882391.5958542824
2017-01-20,883301.5220417976
2017-01-23,881725.1765217781
2017-01-24,881743.1641106606
2017-01-26,881360.9438118935
2017-01-27,881124.6024308205
2017-01-30,880505.8069825172
2017-01-31,882016.0453667641
2017-02-01,887611.0524878502
2017-02-02,892561.7786746025
2017-02-03,896813.4242949486
2017-02-06,898897.4011950493
2017-02-07,897961.3829703331
2017-02-08,902798.6998262405
2017-02-09,904538.4618177414
2017-02-10,919076.8192510605
2017-02-13,932945.7476668358
2017-02-14,923156.7766346931
2017-02-15,942264.7426810265
2017-02-16,946190.2021384239
2017-02-17,947789.7783179283
2017-02-20,955324.1665143967
2017-02-21,965690.6392211914
2017-02-22,961588.967936039
2017-02-23,952465.0890908241
2017-02-24,953179.5157094002
2017-03-01,955267.7392315865
2017-03-02,948691.9867043495
2017-03-03,962166.5728898048
2017-03-06,964306.8197050095
2017-03-07,959414.6234140396
2017-03-08,957996.0370516777
2017-03-09,944369.1498827934
2017-03-10,942231.9019918442
2017-03-13,950693.4497523308
2017-03-14,948941.5110554695
2017-03-15,958608.923248291
2017-03-16,958224.8018021584
2017-03-17,945079.6821255684
2017-03-20,944137.582695961
2017-03-21,931532.5978689194
2017-03-22,933287.5558853149
2017-03-23,930661.662320137
2017-03-24,931072.6900596619
2017-03-27,932125.8543968201
2017-03-28,929014.3966627121
2017-03-29,930467.4540777206
2017-03-30,930533.07609272
2017-03-31,933113.3632297516
2017-04-03,932837.8220250607
2017-04-04,936421.3464984894
2017-04-05,922325.5892791748
2017-04-06,913004.9171860218
2017-04-07,915976.3530476093
2017-04-10,912399.3446381092
2017-04-11,914759.4326527119
2017-04-12,901616.5667066574
2017-04-13,895130.349116087
2017-04-17,903602.163207531
2017-04-18,905633.4557147026
2017-04-19,902431.0399672985
2017-04-20,894481.0572006702
2017-04-24,893844.5240941048
2017-04-25,894557.1131811142
2017-04-26,895701.5103440285
2017-04-27,899097.8523030281
2017-04-28,904587.9653103352
2017-05-02,915578.71058321
2017-05-03,915543.0804674625
2017-05-04,908695.1044847965
2017-05-05,916718.838255167
2017-05-08,919156.3681099415
2017-05-09,927996.8717660904
2017-05-10,930304.1999549866
2017-05-11,929128.633887291
2017-05-12,931062.9043037891
2017-05-15,933286.0453654528
2017-05-16,946398.8170740604
2017-05-17,942361.1938658953
2017-05-18,907704.247215271
2017-05-19,910425.5528116226
2017-05-22,904671.8956041336
2017-05-23,908194.6928310394
2017-05-24,909590.9359745979
2017-05-25,907965.0436849594
2017-05-26,909782.7262325287
2017-05-29,909782.7262325287
2017-05-30,907073.0730807781
2017-05-31,906573.5205099583
2017-06-01,898667.824659586
2017-06-02,893202.7497274876
2017-06-05,894710.3890974522
2017-06-06,900527.2910797596
2017-06-07,907290.2331888676
2017-06-08,910052.285020113
2017-06-09,904547.8267929554
2017-06-12,894211.188359499
2017-06-13,899495.2938807011
2017-06-14,905121.0149319172
2017-06-15,905121.0149319172
2017-06-16,899805.8119242191
2017-06-19,902122.8682119846
2017-06-20,897173.712300539
2017-06-21,888378.1551258564
2017-06-22,889836.5794785023
2017-06-23,890851.2755043507
2017-06-26,896544.4908382893
2017-06-27,893584.8073818684
2017-06-28,890687.168576479
2017-06-29,889937.2507240772
2017-06-30,896332.6451237202
2017-07-03,900554.0337059498
2017-07-04,902098.2611448765
2017-07-05,906285.2451012135
2017-07-06,907655.1446669102
2017-07-07,910028.9385960102
2017-07-10,915382.9908630848
2017-07-11,916838.9463279247
2017-07-12,927760.6782500744
2017-07-13,929225.8438117504
2017-07-14,937879.7464630604
2017-07-17,945883.9857051373
2017-07-18,948341.5569975376
2017-07-19,946971.6833956242
2017-07-20,945476.9537746906
2017-07-21,944671.7529394627
2017-07-24,952475.4058578014
2017-07-25,956369.595133543
2017-07-26,949520.8872768879
2017-07-27,948225.1336829662
2017-07-28,958564.3419101238
2017-07-31,967605.0053784847
2017-08-01,992483.0716254711
2017-08-02,996077.2829158306
2017-08-03,997248.4505064487
2017-08-04,999090.0070741177
2017-08-07,998931.5047676563
2017-08-08,1001705.7043960094
2017-08-09,1002983.5541808605
2017-08-10,989668.8076431751
2017-08-11,998473.904778719
2017-08-14,1012074.2531359196
2017-08-15,1011503.8940823078
2017-08-16,1021491.3751575947
2017-08-17,1012426.7062704563
2017-08-18,1021519.212133646
2017-08-21,1023942.7929069996
2017-08-22,1028713.0864031315
2017-08-23,1031712.7014267445
2017-08-24,1039335.6101448536
2017-08-25,1041300.7998859882
2017-08-28,1052223.0308744907
2017-08-29,1052305.2660725117
2017-08-30,1055850.0705788136
2017-08-31,1073590.2143223286
2017-09-01,1078803.0998170376
2017-09-04,1097819.150052309
2017-09-05,1109380.956521988
2017-09-06,1118390.3305974007
2017-09-07,1118390.3305974007
2017-09-08,1116412.3027060032
2017-09-11,1130547.9081380367
2017-09-12,1117439.6148352623
2017-09-13,1119777.7812466621
2017-09-14,1122424.644440174
2017-09-15,1127867.6895768642
2017-09-18,1135378.5009467602
2017-09-19,1128747.4427256584
2017-09-20,1125481.635603428
2017-09-21,1125878.9018173218
2017-09-22,1119737.0430328846
2017-09-25,1102636.3211071491
2017-09-26,1103253.8248634338
2017-09-27,1093898.8902692795
2017-09-28,1096342.198252201
2017-09-29,1109269.9171657562
2017-10-02,1107918.5904808044
2017-10-03,1116671.922486782
2017-10-04,1120993.0013480186
2017-10-05,1134351.2754759789
2017-10-06,1131635.4796338081
2017-10-09,1127067.777208805
2017-10-10,1139111.9818425179
2017-10-11,1137967.595609188
2017-10-12,1137967.595609188
2017-10-13,1142357.2437138557
2017-10-16,1138398.739059925
2017-10-17,1131033.4903035164
2017-10-18,1142709.416958332
2017-10-19,1140960.016430378
2017-10-20,1146098.5292840004
2017-10-23,1134046.81803751
2017-10-24,1143162.770720005
2017-10-25,1142913.343784809
2017-10-26,1138247.5361962318
2017-10-27,1140322.4874415398
2017-10-30,1127675.1899323463
2017-10-31,1124789.9444451332
2017-11-01,1126636.0652885437
2017-11-02,1126636.0652885437
2017-11-03,1122056.542138815
2017-11-06,1116081.2489960194
2017-11-07,1096378.58450675
2017-11-08,1103779.9038889408
2017-11-09,1080883.9522960186
2017-11-10,1076204.0440990925
2017-11-13,1080038.7933843136
2017-11-14,1070203.5163309574
2017-11-15,1070203.5163309574
2017-11-16,1088915.0786840916
2017-11-17,1092972.9973685741
2017-11-20,1092972.9973685741
2017-11-21,1103401.0104691982
2017-11-22,1103351.1533510685
2017-11-23,1102521.1490533352
2017-11-24,1097944.2078182697
2017-11-27,1096757.1782295704
2017-11-28,1097436.393153429
2017-11-29,1086415.9667580128
2017-11-30,1076746.2245852947
2017-12-01,1076638.9267251492
2017-12-04,1083669.1159986258
2017-12-05,1078230.0910469294
2017-12-06,1080604.954863906
2017-12-07,1082586.0805161
2017-12-08,1081753.8921922445
2017-12-11,1073772.3150115013
2017-12-12,1074711.4597228765
2017-12-13,1073466.2991468906
2017-12-14,1066983.3183101416
2017-12-15,1075163.76793468
2017-12-18,1082680.600355029
2017-12-19,1077749.0845206976
2017-12-20,1084104.8244162798
2017-12-21,1096821.7246836424
2017-12-22,1100791.349178195
2017-12-25,1100791.349178195
2017-12-26,1102532.2349089384
2017-12-27,1105641.0786138773
2017-12-28,1109275.490163684
2017-12-29,1109275.490163684
2018-01-02,1124430.3728579283
2018-01-03,1130787.178058982
2018-01-04,1138479.3864489794
2018-01-05,1139169.3990980387
2018-01-08,1134731.5939706564
2018-01-09,1136181.244478345
2018-01-10,1138240.0775116682
2018-01-11,1145711.8075255156
2018-01-12,1131195.0803092718
2018-01-15,1141252.0243624449
2018-01-16,1147892.656818986
2018-01-17,1144593.9497734308
2018-01-18,1133694.7390657663
2018-01-19,1141417.6288410425
2018-01-22,1136772.8616684675
2018-01-23,1126652.262473464
2018-01-24,1140671.675839305
2018-01-25,1140671.675839305
2018-01-26,1154391.3438552618
2018-01-29,1155319.1224838495
2018-01-30,1146469.2864774466
2018-01-31,1156370.8970936537
2018-02-01,1161143.3504992723
2018-02-02,1143858.3000665903
2018-02-05,1129631.9304887056
2018-02-06,1131759.441451192
2018-02-07,1130229.393566966
2018-02-08,1116671.9721275568
2018-02-09,1107440.8168090582
2018-02-14,1124578.187734723
2018-02-15,1125644.6671835184
2018-02-16,1134352.0860522985
2018-02-19,1137516.21811831
2018-02-20,1143523.9281312227
2018-02-21,1147094.8370724916
2018-02-22,1157240.417571187
2018-02-23,1156783.6957262754
2018-02-26,1158050.7618392706
2018-02-27,1154910.3911811113
2018-02-28,1149197.3477345705
2018-03-01,1144675.4777759314
2018-03-02,1155684.527606368
2018-03-05,1157992.6461361647
2018-03-06,1149704.585928321
2018-03-07,1147603.4999066591
2018-03-08,1148314.9567340612
2018-03-09,1160761.2185937166
2018-03-12,1172621.0557454824
2018-03-13,1167846.9150012732
2018-03-14,1165041.5517154932
2018-03-15,1152874.2709895372
2018-03-16,1159136.429994464
2018-03-19,1149057.8943253756
2018-03-20,1148762.8056524992
2018-03-21,1144626.484677434
2018-03-22,1140160.7963677645
2018-03-23,1136469.8585540056
2018-03-26,1141166.150152564
2018-03-27,1131104.5618172884
2018-03-28,1129446.3263283968
2018-03-29,1131205.2164269686
2018-04-02,1118581.687152028
2018-04-03,1119860.8202620745
2018-04-04,1119536.956874013
2018-04-05,1128697.682836175
2018-04-06,1126749.1534200907
2018-04-09,1120039.837358594
2018-04-10,1121011.5878587961
2018-04-11,1125523.6816803217
2018-04-12,1127060.730504632
2018-04-13,1116169.8902136087
2018-04-16,1107975.9326058626
2018-04-17,1113162.6826649904
2018-04-18,1125762.7529093027
2018-04-19,1121973.8451696634
2018-04-20,1116552.5197607279
2018-04-23,1113173.4297105074
2018-04-24,1112803.3847600222
2018-04-25,1112112.9935723543
2018-04-26,1117195.5187340975
2018-04-27,1120908.4387809038
2018-04-30,1121764.621905446
2018-05-02,1115128.163468957
2018-05-03,1099358.0747863054
2018-05-04,1091791.169404149
2018-05-07,1084445.346058011
2018-05-08,1084950.5891286135
2018-05-09,1104293.136845708
2018-05-10,1112558.246838212
2018-05-11,1113866.1539074183
2018-05-14,1115050.2712785006
2018-05-15,1126599.638075471
2018-05-16,1137749.2605344057
2018-05-17,1126142.3476272821
2018-05-18,1129122.4560314417
2018-05-21,1128428.3582783937
2018-05-22,1128725.281751275
2018-05-23,1128409.9905329943
2018-05-24,1123330.2507482767
2018-05-25,1113245.5870734453
2018-05-28,1101683.4424835443
2018-05-29,1098955.568084836
2018-05-30,1104459.3017088175
2018-06-01,1111530.7096139193
2018-06-04,1113532.7887712717
2018-06-05,1119553.0911165476
2018-06-06,1128556.9353963137
2018-06-07,1119472.9003754854
2018-06-08,1106663.4607015848
2018-06-11,1107580.7964063883
2018-06-12,1112880.8473192453
2018-06-13,1111811.9322496653
2018-06-14,1111726.5786238909
2018-06-15,1108028.3390322924
2018-06-18,1110015.267186284
2018-06-19,1103681.559355855
2018-06-20,1106257.9318634272
2018-06-21,1107659.068831563
2018-06-22,1108663.3479048014
2018-06-25,1108875.429292798
2018-06-26,1115246.2868543863
2018-06-27,1121768.474741578
2018-06-28,1116627.4636565447
2018-06-29,1117274.982162118
2018-07-02,1121215.0666185617
2018-07-03,1128866.1584488153
2018-07-04,1129712.9117695093
2018-07-05,1117452.0893713236
2018-07-06,1122334.6361948252
2018-07-10,1130624.8911157846
2018-07-11,1127885.9185472727
2018-07-12,1135646.1064516306
2018-07-13,1135868.2649513483
2018-07-16,1135872.3721586466
2018-07-17,1135349.8520599604
2018-07-18,1133785.0466820002
2018-07-19,1133009.557885766
2018-07-20,1130063.820726037
2018-07-23,1132706.4768282175
2018-07-24,1131690.406695962
2018-07-25,1121695.8349844217
2018-07-26,1122036.834433198
2018-07-27,1121286.2158533335
2018-07-30,1121350.353247285
2018-07-31,1120930.7952486277
2018-08-01,1119164.9512468576
2018-08-02,1133413.6054574251
2018-08-03,1139828.4251090288
2018-08-06,1145684.6028670073
2018-08-07,1137967.518858552
2018-08-08,1137721.6177393198
2018-08-09,1131587.2202962637
2018-08-10,1120664.986133933
2018-08-13,1126143.443749547
2018-08-14,1136518.3018232584
2018-08-15,1131654.2269679308
2018-08-16,1129564.294350028
2018-08-17,1132375.2052146196
2018-08-20,1143931.8628715277
2018-08-21,1142919.6140607595
2018-08-22,1151276.663840413
2018-08-23,1153555.1856535673
2018-08-24,1154982.191029191
2018-08-27,1160843.9897357225
2018-08-28,1166089.1252971888
2018-08-29,1168946.5758258104
2018-08-30,1162166.4813834429
2018-08-31,1152555.8452483416
2018-09-03,1149665.8961793184
2018-09-04,1146649.4469224215
2018-09-05,1143849.9955545664
2018-09-06,1154337.7504450083
2018-09-10,1152604.362259984
2018-09-11,1140964.7300821543
2018-09-12,1138572.1870929003
2018-09-13,1133545.8346461058
2018-09-14,1130792.9157186747
2018-09-17,1125566.5702818632
2018-09-18,1124655.3005119562
2018-09-19,1116580.35078156
2018-09-20,1117848.6155296564
2018-09-21,1122182.046237588
2018-09-24,1116838.9901539087
2018-09-25,1122384.9994927645
2018-09-26,1120985.8120695353
2018-09-27,1118991.8306108713
2018-09-28,1110908.3690000772
2018-10-01,1108257.9779583216
2018-10-02,1112914.903105855
2018-10-03,1110396.1052619219
2018-10-04,1106787.669908166
2018-10-05,1112186.8715416193
2018-10-08,1104201.3921705484
2018-10-09,1102037.9110246897
2018-10-10,1102272.8132869005
2018-10-11,1096192.924701333
2018-10-15,1098221.0676828623
2018-10-16,1102194.1538368464
2018-10-17,1097069.3942924738
2018-10-18,1090050.195717454
2018-10-19,1092260.5792270899
2018-10-22,1096706.8423272371
2018-10-23,1094159.667852044
2018-10-24,1089411.7977029085
2018-10-25,1089373.463725686
2018-10-26,1090503.5602594614
2018-10-29,1081063.5478373766
2018-10-30,1085593.398584485
2018-10-31,1086736.868353963
2018-11-01,1097748.7313824892
2018-11-05,1110024.61578238
2018-11-06,1101728.052976489
2018-11-07,1084025.3770691156
2018-11-08,1073659.9683977365
2018-11-09,1073985.752343297
2018-11-12,1076845.1465257406
2018-11-13,1067703.8504351377
2018-11-14,1068069.289863944
2018-11-16,1082133.5245512724
2018-11-19,1079612.4562402964
2018-11-21,1079828.953541398
2018-11-22,1085512.694392562
2018-11-23,1078009.4629558325
2018-11-26,1077527.8299030066
2018-11-27,1086684.714276433
2018-11-28,1089394.463147521
2018-11-29,1091242.6120351553
2018-11-30,1081993.4345732927
2018-12-03,1094706.6338090897
2018-12-04,1085396.8417096138
2018-12-05,1095495.0396734476
2018-12-06,1100384.2497333288
2018-12-07,1102565.8658909798
2018-12-10,1093210.969098568
2018-12-11,1098037.738285184
2018-12-12,1109117.3452855349
2018-12-13,1113651.4596670866
2018-12-14,1126151.5992633104
2018-12-17,1112884.518594265
2018-12-18,1118159.2442705631
2018-12-19,1112505.0998741388
2018-12-20,1115987.9374488592
2018-12-21,1119286.174623251
2018-12-26,1107988.0090696812
2018-12-27,1116895.4962966442
2018-12-28,1136979.2143752575
2019-01-02,1160992.4967958927
2019-01-03,1161433.061101675
2019-01-04,1154594.1022102833
2019-01-07,1147590.1731874943
2019-01-08,1136780.3797008991
2019-01-09,1144249.8042376041
2019-01-10,1153471.0328586102
2019-01-11,1154020.572067976
2019-01-14,1159162.5286881924
2019-01-15,1155006.1881549358
2019-01-16,1151980.4145896435
2019-01-17,1160033.7374975681
2019-01-18,1162573.1219332218
2019-01-21,1168315.3435995579
2019-01-22,1160207.489831686
2019-01-23,1168208.0487225056
2019-01-24,1172700.607417822
2019-01-28,1173155.9319922924
2019-01-29,1174701.2830822468
2019-01-30,1183192.5898711681
2019-01-31,1185957.1175444126
2019-02-01,1183540.793344736
2019-02-04,1183385.6282367706
2019-02-05,1183215.5074241161
2019-02-06,1153502.6630773544
2019-02-07,1145491.7916185856
2019-02-08,1159281.792564392
2019-02-11,1149915.4371168613
2019-02-12,1162822.8888618946
2019-02-13,1171849.0765612125
2019-02-14,1190820.1706314087
2019-02-15,1190086.608862877
2019-02-18,1190202.1084828377
2019-02-19,1196824.3579144478
2019-02-20,1186622.1273698807
2019-02-21,1179128.411163807
2019-02-22,1191375.9493956566
2019-02-25,1184504.9503154755
2019-02-26,1177950.4044132233
2019-02-27,1181972.448644638
2019-02-28,1165092.9952101707
2019-03-01,1155687.1220519543
2019-03-06,1141197.904722929
2019-03-07,1127278.5821707249
2019-03-08,1139569.1467010975
2019-03-11,1152905.4709484577
2019-03-12,1153800.0752613544
2019-03-13,1162709.1401922703
2019-03-14,1166053.1552450657
2019-03-15,1171755.9109845161
2019-03-18,1175564.5947175026
2019-03-19,1173040.30488348
2019-03-20,1168799.2718343735
2019-03-21,1153543.191427946
2019-03-22,1136129.2340164185
2019-03-25,1136110.0751299858
2019-03-26,1141712.4452819824
2019-03-27,1119589.346984148
2019-03-28,1130371.054095745
2019-03-29,1133877.2352747917
2019-04-01,1133790.63032794
2019-04-02,1127786.9955515862
2019-04-03,1129915.071737051
2019-04-04,1131811.6978378296
2019-04-05,1132740.0533697605
2019-04-08,1134179.5421984196
2019-04-09,1131553.0096931458
2019-04-10,1130611.81584239
2019-04-11,1127711.4230484962
2019-04-12,1123533.99806118
2019-04-15,1121509.6357092857
2019-04-16,1115641.4484877586
2019-04-17,1114984.401658535
2019-04-18,1112086.5208609104
2019-04-22,1114282.4430820942
2019-04-23,1118339.1253445148
2019-04-24,1116329.1975643635
2019-04-25,1122843.0145056248
2019-04-26,1123574.4245929718
2019-04-29,1125197.0090956688
2019-04-30,1127174.1828188896
2019-05-02,1127973.8939919472
2019-05-03,1119815.7735843658
2019-05-06,1117644.5508275032
2019-05-07,1116151.7494413853
2019-05-08,1117845.7743890285
2019-05-09,1113367.3540167809
2019-05-10,1107028.6464824677
2019-05-13,1079042.7308216095
2019-05-14,1079961.3640573025
2019-05-15,1075985.6520791054
2019-05-16,1070307.2866301537
2019-05-17,1063650.2513673306
2019-05-20,1071014.8323514462
2019-05-21,1073645.4775636196
2019-05-22,1075196.6523587704
2019-05-23,1073980.0460031033
2019-05-24,1075536.5134322643
2019-05-27,1074448.8985669613
2019-05-28,1075867.8120772839
2019-05-29,1073578.796302557
2019-05-30,1078889.0926196575
2019-05-31,1084082.0430352688
2019-06-03,1085773.726076603
2019-06-04,1092516.0203187466
2019-06-05,1089430.8815939426
2019-06-06,1099969.4379620552
2019-06-07,1108455.9608614445
2019-06-10,1104248.2235250473
2019-06-11,1112236.72626853
2019-06-12,1108140.7837257385
2019-06-13,1120769.795087099
2019-06-14,1116530.2640154362
2019-06-17,1115417.6168599129
2019-06-18,1123980.347590208
2019-06-19,1138355.7856619358
2019-06-21,1137567.0503678322
2019-06-24,1142485.1006634235
2019-06-25,1125646.4361655712
2019-06-26,1136272.1383669376
2019-06-27,1142991.0180256367
2019-06-28,1154177.9937112331
2019-07-01,1151532.394455433
2019-07-02,1157784.2566964626
2019-07-03,1165407.0104846954
2019-07-04,1183656.6664767265
2019-07-05,1192193.697085619
2019-07-08,1207552.506132841
2019-07-10,1220054.0541276932
2019-07-11,1222713.6418921947
2019-07-12,1213019.507175684
2019-07-15,1213382.8433003426
2019-07-16,1206672.5969879627
2019-07-17,1216669.3720853329
2019-07-18,1230825.5480678082
2019-07-19,1215534.008127451
2019-07-22,1216376.3336913586
2019-07-23,1217159.2185549736
2019-07-24,1216929.5504596233
2019-07-25,1209413.2715642452
2019-07-26,1218396.0473439693
2019-07-29,1228612.6603975296
2019-07-30,1239087.3181653023
2019-07-31,1237427.0121827126
2019-08-01,1251841.9625868797
2019-08-02,1243396.1699895859
2019-08-05,1222662.3334598541
2019-08-06,1248712.6738147736
2019-08-07,1253906.6700315475
2019-08-08,1280090.8931145668
2019-08-09,1302529.9721603394
2019-08-12,1283697.627761364
2019-08-13,1285669.3098812103
2019-08-14,1261670.598095417
2019-08-15,1244178.0480413437
2019-08-16,1256200.3589763641
2019-08-19,1249335.2651667595
2019-08-20,1248872.7813458443
2019-08-21,1280920.0956177711
2019-08-22,1278751.4663014412
2019-08-23,1254610.1951460838
2019-08-26,1233624.4258155823
2019-08-27,1245141.7733573914
2019-08-28,1254617.320388317
2019-08-29,1270870.5847206116
2019-08-30,1281630.2645955086
2019-09-02,1290685.2662229538
2019-09-03,1274372.34055233
2019-09-04,1267996.878250122
2019-09-05,1268468.8681898117
2019-09-06,1261697.4561853409
2019-09-09,1236246.5943775177
2019-09-10,1238953.6317925453
2019-09-11,1255409.63058424
2019-09-12,1256211.207564354
2019-09-13,1247643.3012547493
2019-09-16,1248588.1111850739
2019-09-17,1256816.816426754
2019-09-18,1259632.1832594872
2019-09-19,1266310.4673833847
2019-09-20,1270022.092900753
2019-09-23,1267371.169081688
2019-09-24,1267836.8431782722
2019-09-25,1278562.9825520515
2019-09-26,1281475.2371068
2019-09-27,1284156.4767637253
2019-09-30,1289245.9113821983
2019-10-01,1285421.6679048538
2019-10-02,1260477.7008342743
2019-10-03,1276330.7387752533
2019-10-04,1285820.6580486298
2019-10-07,1265122.7534189224
2019-10-08,1264309.006052971
2019-10-09,1269769.8322439194
2019-10-10,1266488.1936335564
2019-10-11,1285838.1285505295
2019-10-14,1304698.1969723701
2019-10-15,1306127.2942614555
2019-10-16,1317193.7332863808
2019-10-17,1317542.9920806885
2019-10-18,1327043.9739427567
2019-10-21,1327843.7034463882
2019-10-22,1349073.7973604202
2019-10-23,1339085.778104782
2019-10-24,1339761.0311098099
2019-10-25,1339951.1987113953
2019-10-28,1341136.99193573
2019-10-29,1339791.0177283287
2019-10-30,1354453.839881897
2019-10-31,1357544.627207756
2019-11-01,1393511.9042179585
2019-11-04,1403670.6661655903
2019-11-05,1384831.9571671486
2019-11-06,1393516.1396558285
2019-11-07,1419542.587195158
2019-11-08,1404905.292667389
2019-11-11,1418439.9515821934
2019-11-12,1402123.7107088566
2019-11-13,1403353.577546835
2019-11-14,1429526.1379015446
2019-11-18,1438477.768191576
2019-11-19,1444001.5309894085
2019-11-21,1467221.0959551334
2019-11-22,1485287.3072493076
2019-11-25,1496026.4654819965
2019-11-26,1494050.055394888
2019-11-27,1494454.0453817844
2019-11-28,1503191.9392921925
2019-11-29,1507942.1365144253
2019-12-02,1499933.8344819546
2019-12-03,1517245.3881218433
2019-12-04,1531877.8440454006
2019-12-05,1558446.7238156796
2019-12-06,1571386.209659338
2019-12-09,1557084.1581933498
2019-12-10,1557121.455762148
2019-12-11,1565639.5530683994
2019-12-12,1575064.2745878696
2019-12-13,1593006.702127695
2019-12-16,1594365.1872179508
2019-12-17,1593428.2174961567
2019-12-18,1604038.268695116
2019-12-19,1610463.2080266476
2019-12-20,1612705.051514864
2019-12-23,1631579.0591208935
2019-12-26,1648521.9881107807
2019-12-27,1652817.2842133045
2019-12-30,1652780.9824841022
2020-01-02,1689199.7725756168
2020-01-03,1715161.5378267765
2020-01-06,1716437.6672279835
2020-01-07,1721375.7522251606
2020-01-08,1717633.8820097446
2020-01-09,1726432.303514719
2020-01-10,1729835.8053352833
2020-01-13,1755450.42243886
2020-01-14,1779893.890146494
2020-01-15,1774714.0329449177
2020-01-16,1767311.1779034138
2020-01-17,1779980.442572832
2020-01-20,1797230.2193014622
2020-01-21,1802551.968332529
2020-01-22,1811711.943794489
2020-01-23,1833176.6631691456
2020-01-24,1810071.9169590473
2020-01-27,1757379.4972364902
2020-01-28,1772922.8352253437
2020-01-29,1766161.2010395527
2020-01-30,1748082.1660501957
2020-01-31,1730572.0786526203
2020-02-03,1768663.29211545
2020-02-04,1776547.1906974316
2020-02-05,1773603.2450077534
2020-02-06,1748690.7079808712
2020-02-07,1714434.492651701
2020-02-10,1670617.2414963245
2020-02-11,1705607.6110794544
2020-02-12,1718720.423027277
2020-02-13,1715447.3749382496
2020-02-14,1709894.4363138676
2020-02-17,1720874.1440737247
2020-02-18,1714234.386945963
2020-02-19,1728794.6946070194
2020-02-20,1729367.5424735546
2020-02-21,1735717.8253757954
2020-02-26,1666593.6800749302
2020-02-27,1648871.3959047794
2020-02-28,1650149.5048868656
2020-03-02,1646077.636711359
2020-03-03,1645378.8034536839
2020-03-04,1654737.9770071507
2020-03-05,1647000.7414820194
2020-03-06,1642310.4221556187
2020-03-09,1631131.4553701878
2020-03-10,1631131.4553701878
2020-03-11,1626870.9346468449
2020-03-12,1625036.2594969273
2020-03-13,1626852.7598268986
2020-03-16,1625036.2594969273
2020-03-17,1625036.2594969273
2020-03-18,1625036.2594969273
2020-03-19,1625036.2594969273
2020-03-20,1625036.2594969273
2020-03-23,1623219.7199003696
2020-03-24,1623219.7199003696
2020-03-25,1623128.9131147861
2020-03-26,1623128.9131147861
2020-03-27,1623128.9131147861
2020-03-30,1623128.9131147861
2020-03-31,1623128.9131147861
2020-04-01,1557510.5716278553
2020-04-02,1551528.8202450275
2020-04-03,1517589.6131031513
2020-04-06,1531384.0854027271
2020-04-07,1551454.37910676
2020-04-08,1564190.5745089054
2020-04-09,1562872.8349335194
2020-04-13,1562033.463372469
2020-04-14,1563476.4348585606
2020-04-15,1563489.6547567844
2020-04-16,1559010.9562017918
2020-04-17,1562802.643651247
2020-04-20,1570911.7651503086
2020-04-22,1587135.727091074
2020-04-23,1575180.3650257587
2020-04-24,1547575.1720325947
2020-04-27,1565684.0891401768
2020-04-28,1574753.9084484577
2020-04-29,1575183.0854141712
2020-04-30,1565633.6112911701
2020-05-04,1568485.2408092022
2020-05-05,1571186.461811304
2020-05-06,1583900.1143257618
2020-05-07,1584005.6858670712
2020-05-08,1579573.6486651897
2020-05-11,1575982.2935712337
2020-05-12,1575410.7206466198
2020-05-13,1575422.7213847637
2020-05-14,1567339.7674014568
2020-05-15,1557490.3037173748
2020-05-18,1544598.503178358
2020-05-19,1550713.8944022655
2020-05-20,1547178.0742690563
2020-05-21,1540694.2150857449
2020-05-22,1536837.8594768047
2020-05-25,1540907.6486194134
2020-05-26,1560397.1276500225
2020-05-27,1575170.418022871
2020-05-28,1568216.298955679
2020-05-29,1568163.6555421352
2020-06-01,1571861.9894225597
2020-06-02,1569033.7550094128
2020-06-03,1577574.9625871181
2020-06-04,1578896.9475820065
2020-06-05,1569226.859962225
2020-06-08,1574081.6242673397
2020-06-09,1580391.6971070766
2020-06-10,1582172.3944194317
2020-06-12,1578773.3940532207
2020-06-15,1585768.9517142773
2020-06-16,1592500.904793501
2020-06-17,1605674.1974532604
2020-06-18,1606654.2177464962
2020-06-19,1611471.714763403
2020-06-22,1606670.8271415234
2020-06-23,1605988.2034871578
2020-06-24,1601765.2123105526
2020-06-25,1611534.3809087276
2020-06-26,1606654.044261694
2020-06-29,1613597.3423240185
2020-06-30,1624374.160699606
2020-07-01,1639367.8012063503
2020-07-02,1637454.130676031
2020-07-03,1647570.5594594479
2020-07-06,1660451.4484994411
2020-07-07,1667287.6588933468
2020-07-08,1679152.445191145
2020-07-09,1679194.120614767
2020-07-10,1686790.9263980389
2020-07-13,1672096.8401191235
2020-07-14,1689049.9077556133
2020-07-15,1714480.298308134
2020-07-16,1703972.546592474
2020-07-17,1747730.194570303
2020-07-20,1769353.7704360485
2020-07-21,1768983.099669218
2020-07-22,1793289.2082145214
2020-07-23,1771984.4132068157
2020-07-24,1761712.2730243206
2020-07-27,1784123.913355589
2020-07-28,1781168.6819856167
2020-07-29,1789146.7331149578
2020-07-30,1803257.69296813
2020-07-31,1798247.0513064861
2020-08-03,1787745.3517796993
2020-08-04,1772497.636187315
2020-08-05,1794806.7163712978
2020-08-06,1819675.2959506512
2020-08-07,1797881.5909173489
2020-08-10,1799158.3794543743
2020-08-11,1777890.3923060894
2020-08-12,1782618.9604403973
2020-08-13,1790077.1237399578
2020-08-14,1794704.033913374
2020-08-17,1785624.8280980587
2020-08-18,1824121.141970396
2020-08-19,1821281.5206449032
2020-08-20,1849695.294964552
2020-08-21,1845430.1380574703
2020-08-24,1848716.3081624508
2020-08-25,1844678.005325079
2020-08-26,1844670.696742773
2020-08-27,1846264.0244824886
2020-08-28,1866260.2935197353
2020-08-31,1847914.1001889706
2020-09-01,1858659.6230418682
2020-09-02,1850182.4068052769
2020-09-03,1812118.073233366
2020-09-04,1817553.2219626904
2020-09-08,1807863.7086393833
2020-09-09,1830827.4925391674
2020-09-10,1801892.0234849453
2020-09-11,1816505.9065945148
2020-09-14,1843938.4394419193
2020-09-15,1859318.2296283245
2020-09-16,1838199.366515398
2020-09-17,1841751.5746209621
2020-09-18,1827543.0897886753
2020-09-21,1831379.4711678028
2020-09-22,1835126.6125452518
2020-09-23,1807791.687682867
2020-09-24,1810106.9974868298
2020-09-25,1818626.581464529
2020-09-28,1792572.8507044315
2020-09-29,1780830.014979601
2020-09-30,1803202.1846778393
2020-10-01,1836151.2065799236
2020-10-02,1822428.6422464848
2020-10-05,1845025.7667424679
2020-10-06,1840455.2979991436
2020-10-07,1864068.332235098
2020-10-08,1885933.9779450893
2020-10-09,1893899.4352042675
2020-10-13,1915770.553148985
2020-10-14,1931045.7883040905
2020-10-15,1941122.7083685398
2020-10-16,1948254.3343026638
2020-10-19,1940687.5434429646
2020-10-20,1965208.0652887821
2020-10-21,1963010.0994193554
2020-10-22,1964106.7702329159
2020-10-23,1965669.6960189342
2020-10-26,1949891.9906642437
2020-10-27,1945645.1155102253
2020-10-28,1877110.0086667538
2020-10-29,1885883.908096552
2020-10-30,1850536.104907751
2020-11-03,1894331.166819334
2020-11-04,1903996.5928037167
2020-11-05,1934428.4834296703
2020-11-06,1945491.3877503872
2020-11-09,1922338.396579504
2020-11-10,1897818.2457764149
2020-11-11,1901641.9666073322
2020-11-12,1890557.4688766003
2020-11-13,1910285.0816318989
2020-11-16,1907154.6646492481
2020-11-17,1908042.8241803646
2020-11-18,1901353.6279613972
2020-11-19,1909156.4666612148
2020-11-23,1908770.282777071
2020-11-24,1914926.2725327015
2020-11-25,1923369.552651167
2020-11-26,1925119.4283959866
2020-11-27,1929802.314955473
2020-11-30,1921579.418549776
2020-12-01,1944421.6966660023
2020-12-02,1953112.9653441906
2020-12-03,1934614.8526117802
2020-12-04,1948484.2625057697
2020-12-07,1950657.901656866
2020-12-08,1954815.6907441616
2020-12-09,1940093.6057684422
2020-12-10,1965191.8274276257
2020-12-11,1990527.3747832775
2020-12-14,2023101.2823860645
2020-12-15,2026203.1854379177
2020-12-16,2042263.0353791714
2020-12-17,2045011.9571607113
2020-12-18,2059858.0612194538
2020-12-21,2045570.5056426525
2020-12-22,2046918.769555807
2020-12-23,2068023.2614405155
2020-12-28,2082472.93628335
2020-12-29,2092666.4436428547
2020-12-30,2112404.7247593403
2021-01-04,2120716.6389524937
2021-01-05,2132703.3657667637
2021-01-06,2142751.348767042
2021-01-07,2181980.261161089
2021-01-08,2233426.1786067486
2021-01-11,2204408.8637387753
2021-01-12,2250855.8678319454
2021-01-13,2216192.12955451
2021-01-14,2247487.459878683
2021-01-15,2194622.9096262455
2021-01-18,2201350.757325411
2021-01-19,2166864.8509271145
2021-01-20,2163018.209278822
2021-01-21,2154679.671449423
2021-01-22,2150672.5591180325
2021-01-26,2142425.9227149487
2021-01-27,2139498.6339104176
2021-01-28,2137661.888023138
2021-01-29,2125601.056111574
2021-02-01,2157964.675776243
2021-02-02,2167353.598254442
2021-02-03,2186073.297878504
2021-02-04,2184065.7067563534
2021-02-05,2194440.1031143665
2021-02-08,2182102.4071834087
2021-02-09,2185501.640176058
2021-02-10,2166032.8780891895
2021-02-11,2164365.319529772
2021-02-12,2162159.605409384
2021-02-17,2146793.3344504833
2021-02-18,2146517.22807765
2021-02-19,2143656.9153563976
2021-02-22,2138343.122084379
2021-02-23,2142215.460789442
2021-02-24,2149898.306557417
2021-02-25,2139049.773808241
2021-02-26,2146180.968487501
2021-03-01,2138699.9096648693
2021-03-02,2138009.179428816
2021-03-03,2134611.8159091473
2021-03-04,2130028.9022681713
2021-03-05,2133572.213345289
2021-03-08,2124451.982624769
2021-03-09,2125037.4279830456
2021-03-10,2126028.472141981
2021-03-11,2130342.149471998
2021-03-12,2132462.0198714733
2021-03-15,2135157.0954711437
2021-03-16,2137963.001820326
2021-03-17,2141492.95615077
2021-03-18,2141496.274853468
2021-03-19,2142757.0575683117
2021-03-22,2149230.1051909924
2021-03-23,2151756.537716627
2021-03-24,2153793.1398437023
2021-03-25,2155928.3452117443
2021-03-26,2155225.2311217785
2021-03-29,2160516.608486891
2021-03-30,2160007.4100768566
2021-03-31,2158649.034893751
2021-04-01,2135159.672734499
2021-04-05,2163577.244030237
2021-04-06,2193534.5538265705
2021-04-07,2221121.365786314
2021-04-08,2259303.295139551
2021-04-09,2292603.0650565624
2021-04-12,2347570.197357416
2021-04-13,2341924.2731792927
2021-04-14,2388161.4681785107
2021-04-15,2433743.1271750927
2021-04-16,2452064.8251492977
2021-04-19,2472285.2601525784
2021-04-20,2460869.869554758
2021-04-22,2503291.9779479504
2021-04-23,2505746.285456896
2021-04-26,2546547.1358659267
2021-04-27,2573644.5192973614
2021-04-28,2587759.892719984
2021-04-29,2581899.942894697
2021-04-30,2571957.7979638577
2021-05-03,2598453.259784937
2021-05-04,2589419.785471678
2021-05-05,2597927.5917727947
2021-05-06,2610964.170635462
2021-05-07,2680126.4692485332
2021-05-10,2676276.399261713
2021-05-11,2702051.3367078304
2021-05-12,2667068.441329241
2021-05-13,2624891.5198204517
2021-05-14,2681854.904898405
2021-05-17,2735784.758797884
2021-05-18,2742021.268021822
2021-05-19,2740435.2298424244
2021-05-20,2736163.0373723507
2021-05-21,2715175.3246018887
2021-05-24,2715931.4510495663
2021-05-25,2706468.7501647472
2021-05-26,2712779.5206410885
2021-05-27,2725272.0354344845
2021-05-28,2732320.533752203
2021-05-31,2744897.5141866207
2021-06-01,2804822.720857382
2021-06-02,2846331.383322239
2021-06-04,2838365.1214842796
2021-06-07,2843107.7034556866
2021-06-08,2812284.2341161966
2021-06-09,2848465.431133747
2021-06-10,2922470.297858238
2021-06-11,2901815.564695835
2021-06-14,2918523.9579287767
2021-06-15,2906634.2656042576
2021-06-16,2875270.5415759087
2021-06-17,2833268.4390598536
2021-06-18,2866786.853042245
2021-06-21,2888383.9347085953
2021-06-22,2892113.321282625
2021-06-23,2891058.1776242256
2021-06-24,2907389.6972489357
2021-06-25,2861148.960735798
2021-06-28,2856127.5432355404
2021-06-29,2894732.205361128
2021-06-30,2896572.018439293
2021-07-01,2857463.721838236
2021-07-02,2889167.3490674496
2021-07-05,2911798.612254381
2021-07-06,2849219.3651800156
2021-07-07,2844347.960111141
2021-07-08,2825587.2593369484
2021-07-12,2839104.9280104637
2021-07-13,2839736.7256379128
2021-07-14,2841359.144045353
2021-07-15,2839735.2579016685
2021-07-16,2821441.4895977974
2021-07-19,2799293.686413288
2021-07-20,2813737.850901127
2021-07-21,2836008.160911083
2021-07-22,2846493.3790488243
2021-07-23,2822991.85859251
2021-07-26,2826441.591137409
2021-07-27,2802802.111767292
2021-07-28,2818068.501247883
2021-07-29,2802899.708607197
2021-07-30,2794475.870630741
2021-08-02,2820256.994896412
2021-08-03,2816083.0460162163
2021-08-04,2798436.1253933907
2021-08-05,2797809.814690113
2021-08-06,2792858.1314463615
2021-08-09,2806308.3519997597
2021-08-10,2807644.8266539574
2021-08-11,2815579.121640682
2021-08-12,2805483.029956341
2021-08-13,2803461.751116276
2021-08-16,2783763.7257733345
2021-08-17,2765484.187007427
2021-08-18,2757409.889047146
2021-08-19,2763892.4304862022
2021-08-20,2760684.7858633995
2021-08-23,2770880.2928557396
2021-08-24,2786375.8266119957
2021-08-25,2796923.0965209007
2021-08-26,2798105.5582175255
2021-08-27,2806733.4434599876
2021-08-30,2808315.3392424583
2021-08-31,2811347.15959692
2021-09-01,2818474.2264060974
2021-09-02,2749891.6599235535
2021-09-03,2752428.264356613
2021-09-06,2754578.928372383
2021-09-08,2646192.327791214
2021-09-09,2654788.6053066254
2021-09-10,2672888.6093730927
2021-09-13,2680861.0274267197
2021-09-14,2683860.9230060577
2021-09-15,2678281.1742687225
2021-09-16,2700541.6916980743
2021-09-17,2681186.6102437973
2021-09-20,2615728.0762615204
2021-09-21,2610840.5988082886
2021-09-22,2618443.2480716705
2021-09-23,2640381.5817070007
2021-09-24,2633675.606798172
2021-09-27,2643761.609767914
2021-09-28,2632609.0263996124
2021-09-29,2643560.8368930817
2021-09-30,2643315.0306186676
2021-10-01,2685886.430149317
2021-10-04,2635224.5132849216
2021-10-05,2617056.2139821053
2021-10-06,2589102.418669939
2021-10-07,2594299.9362864494
2021-10-08,2629115.877594948
2021-10-11,2650913.454470396
2021-10-13,2687412.623581648
2021-10-14,2680072.0163252354
2021-10-15,2686773.3869712353
2021-10-18,2694674.070941448
2021-10-19,2669214.1891186237
2021-10-20,2668411.6188321114
2021-10-21,2621932.9754037857
2021-10-22,2548207.2881519794
2021-10-25,2563905.761014223
2021-10-26,2531278.98745656
2021-10-27,2529102.1320917606
2021-10-28,2530613.8316004276
2021-10-29,2535211.2980749607
2021-11-01,2532698.5360319614
2021-11-03,2521482.6405699253
2021-11-04,2529529.47884202
2021-11-05,2528365.4260389805
2021-11-08,2538002.3089163303
2021-11-09,2526218.6401007175
2021-11-10,2524496.643751383
2021-11-11,2516470.6723692417
2021-11-12,2521241.2310507298
2021-11-16,2513662.301977396
2021-11-17,2507290.855367899
2021-11-18,2513006.717134714
2021-11-19,2511510.4600622654
2021-11-22,2503084.283872843
2021-11-23,2508885.0571386814
2021-11-24,2504396.320314646
2021-11-25,2499691.4337522984
2021-11-26,2490485.998062372
2021-11-29,2491959.527620554
2021-11-30,2488385.442043543
2021-12-01,2463900.475533724
2021-12-02,2501063.894241452
2021-12-03,2516531.5728554726
2021-12-06,2545735.7876811028
2021-12-07,2552480.7897627354
2021-12-08,2563930.8493766785
2021-12-09,2539854.1139318943
2021-12-10,2557457.181388378
2021-12-13,2553054.7466766834
2021-12-14,2539376.739716649
2021-12-15,2540767.7524502277
2021-12-16,2529898.3801119328
2021-12-17,2514707.706876397
2021-12-20,2470653.469611287
2021-12-21,2496917.814345002
2021-12-22,2493999.7257453203
2021-12-23,2472683.836549878
2021-12-27,2482767.296316266
2021-12-28,2488590.5604678392
2021-12-29,2488129.6394439936
2021-12-30,2496653.164853692
2022-01-03,2495963.3793569803
2022-01-04,2503893.2228952646
2022-01-05,2464724.20973742
2022-01-06,2458202.5033522844
2022-01-07,2473294.337818265
2022-01-10,2467335.955035329
2022-01-11,2477964.9242106676
2022-01-12,2493330.6575499773
2022-01-13,2487324.2287636995
2022-01-14,2471208.623425603
2022-01-17,2462960.0368214846
2022-01-18,2454362.6642752886
2022-01-19,2465499.140087247
2022-01-20,2470851.609753728
2022-01-21,2462783.848063588
2022-01-24,2463838.045727849
2022-01-25,2479829.2863732576
2022-01-26,2481039.6846476793
2022-01-27,2484198.677369237
2022-01-28,2482157.9644891024
2022-01-31,2483598.2335482836
2022-02-01,2468276.344749093
2022-02-02,2444327.553502679
2022-02-03,2447072.550117135
2022-02-04,2415322.1371628046
2022-02-07,2396195.9743691683
2022-02-08,2397171.1783839464
2022-02-09,2412611.463386178
2022-02-10,2414080.211948514
2022-02-11,2421832.1370364428
2022-02-14,2424450.9847956896
2022-02-15,2430764.658016324
2022-02-16,2442165.1052809954
2022-02-17,2441759.139598012
2022-02-18,2434395.5648833513
2022-02-21,2431373.1181260347
2022-02-22,2442304.4771386385
2022-02-23,2447781.7353812456
2022-02-24,2449629.8767949343
2022-02-25,2453190.043364644
2022-03-02,2468923.8301965
2022-03-03,2477368.3641825914
2022-03-04,2466649.3119670153
2022-03-07,2434537.6027156115
2022-03-08,2433918.1806699038
2022-03-09,2464137.484738469
2022-03-10,2462788.5354329348
2022-03-11,2457010.0758219957
2022-03-14,2454714.356594205
2022-03-15,2467650.9528542757
2022-03-16,2479458.902880788
2022-03-17,2489275.8012019396
2022-03-18,2497519.897477269
2022-03-21,2508376.7140818834
2022-03-22,2519188.3040810823
2022-03-23,2514937.923289418
2022-03-24,2532364.4168092012
2022-03-25,2533139.3636552095
2022-03-28,2532774.1839934587
2022-03-29,2537374.7901536226
2022-03-30,2544834.8993712664
2022-03-31,2563508.557294965
2022-04-01,2608735.919719577
2022-04-04,2629596.1467083693
2022-04-05,2611145.2349356413
2022-04-06,2613479.895434737
2022-04-07,2630254.8388832808
2022-04-08,2633208.008259654
2022-04-11,2615672.4960182905
2022-04-12,2607280.45768106
2022-04-13,2636688.1421302557
2022-04-14,2638261.0358923674
2022-04-18,2636852.335805297
2022-04-19,2598401.42993629
2022-04-20,2593097.4899977446
2022-04-22,2551883.512277961
2022-04-25,2567921.6265028715
2022-04-26,2549258.9415563345
2022-04-27,2560149.4653781652
2022-04-28,2574321.5618246794
2022-04-29,2556542.3448084593
2022-05-02,2526598.1203454733
2022-05-03,2531118.5291870832
2022-05-04,2571160.044631839
2022-05-05,2532606.368255973
2022-05-06,2531253.225249648
2022-05-09,2520693.211566329
2022-05-10,2526903.5251220465
2022-05-11,2534577.2681239843
2022-05-12,2549266.9877513647
2022-05-13,2556758.997381568
2022-05-16,2566769.865496993
2022-05-17,2597213.128123641
2022-05-18,2569267.1292060614
2022-05-19,2576449.5943797827
2022-05-20,2596970.247144103
2022-05-23,2606129.7203725576
2022-05-24,2615556.107777953
2022-05-25,2618973.105883956
2022-05-26,2609210.1861127615
2022-05-27,2601558.0977214575
2022-05-30,2593780.8485320807
2022-05-31,2596685.1234658957
2022-06-01,2606710.543743968
2022-06-02,2625151.7299212217
2022-06-03,2608599.091744542
2022-06-06,2570514.5923463106
2022-06-07,2546133.593552232
2022-06-08,2527386.048617959
2022-06-09,2522439.282847047
2022-06-10,2504157.7776910067
2022-06-13,2472619.1289111376
2022-06-14,2462418.6940785646
2022-06-15,2465917.6225014925
2022-06-17,2443323.359085202
2022-06-20,2438921.0774852037
2022-06-21,2434309.177646756
2022-06-22,2441314.2797347307
2022-06-23,2435559.3207618
2022-06-24,2435452.4088059664
2022-06-27,2434763.0889378786
2022-06-28,2435215.7982703447
2022-06-29,2432605.6034833193
2022-06-30,2436206.9772378206
2022-07-01,2444636.340857625
2022-07-04,2433781.8062468767
2022-07-05,2425854.9060508013
2022-07-06,2448424.1707383394
2022-07-07,2468010.0145789385
2022-07-08,2471032.2450190783
2022-07-11,2435222.248091817
2022-07-12,2438072.4325410128
2022-07-13,2436758.0301219225
2022-07-14,2436844.1824246645
2022-07-15,2440377.341407895
2022-07-18,2440569.515958905
2022-07-19,2457676.660267949
2022-07-20,2469961.5959016085
2022-07-21,2470919.293505788
2022-07-22,2464336.659641385
2022-07-25,2481226.2280617952
2022-07-26,2462082.198493123
2022-07-27,2497106.558839917
2022-07-28,2503546.111395955
2022-07-29,2517470.2347546816
2022-08-01,2508952.337633252
2022-08-02,2504346.9979726076
2022-08-03,2507892.045054555
2022-08-04,2539145.478631139
2022-08-05,2545559.149193883
2022-08-08,2567618.765839696
2022-08-09,2567462.590594411
2022-08-10,2593344.475063443
2022-08-11,2578477.3779278994
2022-08-12,2617991.983980298
2022-08-15,2654036.650646329
2022-08-16,2654170.9223805666
2022-08-17,2669513.395433545
2022-08-18,2665328.3773881197
2022-08-19,2651958.2134572268
2022-08-22,2641047.0195046663
2022-08-23,2641464.1954232454
2022-08-24,2648204.5184937716
2022-08-25,2646928.086839795
2022-08-26,2642928.122470975
2022-08-29,2651649.2767010927
2022-08-30,2654484.3779278994
2022-08-31,2641235.0150090456
2022-09-01,2634229.692830205
2022-09-02,2631376.8663407564
2022-09-05,2616356.840090871
2022-09-06,2592612.344401479
2022-09-08,2605017.8100711107
2022-09-09,2620149.4761639833
2022-09-12,2620682.1955758333
2022-09-13,2588545.770038724
2022-09-14,2590104.990477681
2022-09-15,2582661.1845952272
2022-09-16,2583895.906145215
2022-09-19,2601625.6061507463
2022-09-20,2610738.164751172
2022-09-21,2608703.1093598604
2022-09-22,2628958.639252782
2022-09-23,2626173.826228261
2022-09-26,2587274.827170491
2022-09-27,2570955.1999017
2022-09-28,2576116.698086858
2022-09-29,2561452.8235150576
2022-09-30,2563422.618734479
2022-10-03,2641351.8084956408
2022-10-04,2607743.162021637
2022-10-05,2619574.16277647
2022-10-06,2655994.7749938965
2022-10-07,2648598.367189884
2022-10-10,2658298.1246340275
2022-10-11,2645485.6217968464
2022-10-13,2666584.7793456316
2022-10-14,2634147.8173184395
2022-10-17,2662926.4687775373
2022-10-18,2686217.5933942795
2022-10-19,2701267.4372452497
2022-10-20,2687235.250239849
2022-10-21,2729828.2288918495
2022-10-24,2682587.2260432243
2022-10-25,2636257.1009608507
2022-10-26,2571302.5978438854
2022-10-27,2615260.380559325
2022-10-28,2629909.970469475
2022-10-31,2664581.3696069717
2022-11-01,2674286.973121643
2022-11-03,2687441.2685956955
2022-11-04,2703655.7619018555
2022-11-07,2624350.3570566177
2022-11-08,2629717.4735717773
2022-11-09,2594494.7392168045
2022-11-10,2481897.0489168167
2022-11-11,2474669.9294338226
2022-11-14,2495566.382581711
2022-11-16,2456477.6237068176
2022-11-17,2450078.671394348
2022-11-18,2440872.6780166626
2022-11-21,2443786.2992973328
2022-11-22,2442715.2515411377
2022-11-23,2439616.0421447754
2022-11-24,2449296.331794739
2022-11-25,2444341.3709983826
2022-11-28,2434813.65165329
2022-11-29,2433615.9279327393
2022-11-30,2438184.667514801
2022-12-01,2426569.0196011066
2022-12-02,2458376.08230114
2022-12-05,2417504.998311281
2022-12-06,2410421.8513412476
2022-12-07,2408946.178135395
2022-12-08,2385562.03098917
2022-12-09,2391161.158481598
2022-12-12,2358874.8019838333
2022-12-13,2354952.9872579575
2022-12-14,2363005.7327547073
2022-12-15,2357155.3790528774
2022-12-16,2342688.299344778
2022-12-19,2338239.003800392
2022-12-20,2359496.423363924
2022-12-21,2357877.3076839447
2022-12-22,2357106.9985969067
2022-12-23,2366225.063681364
2022-12-26,2372036.7192788124
2022-12-27,2374297.8908355236
2022-12-28,2384626.3458559513
2022-12-29,2374888.240876198
2023-01-02,2359066.9805948734
2023-01-03,2337402.598724127
2023-01-04,2338387.487571001
2023-01-05,2359958.6534159184
2023-01-06,2371417.196523905
2023-01-09,2381442.653941393
2023-01-10,2401414.998066902
2023-01-11,2400096.124195814
2023-01-12,2395558.902484894
2023-01-13,2378610.8091049194
2023-01-16,2360541.2959604263
2023-01-17,2372986.8392515182
2023-01-18,2382473.050218582
2023-01-19,2387325.981124878
2023-01-20,2378537.16762352
2023-01-23,2369777.4934511185
2023-01-24,2369553.8763742447
2023-01-25,2374538.428182602
2023-01-26,2388399.686032295
2023-01-27,2376365.0559921265
2023-01-30,2374898.3407058716
2023-01-31,2386135.833703041
2023-02-01,2361801.35675478
2023-02-02,2330030.142618656
2023-02-03,2319701.5045056343
2023-02-06,2305927.9455156326
2023-02-07,2307461.281548023
2023-02-08,2320814.9351615906
2023-02-09,2290747.5280895233
2023-02-10,2299308.0444164276
2023-02-13,2298736.947394371
2023-02-14,2299691.9255309105
2023-02-15,2305169.9756708145
2023-02-16,2314653.574279785
2023-02-17,2323835.7388706207
2023-02-22,2306363.0924191475
2023-02-23,2295615.231548786
2023-02-24,2275305.1019084454
2023-02-27,2258638.5074613094
2023-02-28,2257598.5952916145
2023-03-01,2277191.3704521656
2023-03-02,2272937.0978844166
2023-03-03,2272291.868901968
2023-03-06,2267804.1589603424
2023-03-07,2272463.9365808964
2023-03-08,2301069.978664875
2023-03-09,2281905.1731860638
2023-03-10,2258402.1739656925
2023-03-13,2250474.6910254955
2023-03-14,2251949.3029899597
2023-03-15,2236647.443878889
2023-03-16,2252806.956471443
2023-03-17,2223988.914160013
2023-03-20,2207723.993037939
2023-03-21,2200128.0723440647
2023-03-22,2210693.063244343
2023-03-23,2190998.06496346
2023-03-24,2208733.95174706
2023-03-27,2218678.345469594
2023-03-28,2230285.050831437
2023-03-29,2235890.185098529
2023-03-30,2258064.1678038836
2023-03-31,2252799.606108308
2023-04-03,2240276.5052901506
2023-04-04,2219337.656898141
2023-04-05,2184588.053441167
2023-04-06,2193301.6653529406
2023-04-10,2243055.143450856
2023-04-11,2291921.3478866816
2023-04-12,2319066.442200303
2023-04-13,2314271.3094388247
2023-04-14,2308166.2013727427
2023-04-17,2314929.414926648
2023-04-18,2311079.560516
2023-04-19,2291548.951981187
2023-04-20,2287054.5821624994
2023-04-24,2287714.4763838053
2023-04-25,2286955.1357432604
2023-04-26,2275980.797321439
2023-04-27,2283800.9688783884
2023-04-28,2297736.299428582
2023-05-02,2286214.744595647
2023-05-03,2299861.2201462984
2023-05-04,2291017.6299272776
2023-05-05,2303197.6161500216
2023-05-08,2313346.060597539
2023-05-09,2315831.9403725863
2023-05-10,2325174.8553277254
2023-05-11,2339666.2210623026
2023-05-12,2332103.86015141
2023-05-15,2340020.7727662325
2023-05-16,2336216.6702662706
2023-05-17,2355087.133878827
2023-05-18,2365346.6779299974
2023-05-19,2384040.2490531206
2023-05-22,2371158.5412894487
2023-05-23,2361673.9526382685
2023-05-24,2359068.423811555
2023-05-25,2362086.186461568
2023-05-26,2366619.667893529
2023-05-29,2363932.0488945246
2023-05-30,2355356.2287431955
2023-05-31,2370417.790755868
2023-06-01,2402405.481414914
2023-06-02,2406877.7216664553
2023-06-05,2429088.5648602247
2023-06-06,2479554.1216341257
2023-06-07,2501350.9531992674
2023-06-09,2522607.9244207144
2023-06-12,2527798.359022498
2023-06-13,2476778.695958972
2023-06-14,2532026.9351905584
2023-06-15,2542112.8619083166
2023-06-16,2531521.781444192
2023-06-19,2544441.4189819098
2023-06-20,2566599.58458364
2023-06-21,2608180.1181539297
2023-06-22,2555969.9473603964
2023-06-23,2554335.835029006
2023-06-26,2535921.4554029703
2023-06-27,2494060.1213721037
2023-06-28,2490044.9657651186
2023-06-29,2535835.630048871
2023-06-30,2565480.636971593
2023-07-03,2562824.753675103
2023-07-04,2554124.491590619
2023-07-05,2580957.698497653
2023-07-06,2558452.975042224
2023-07-07,2621282.0656267405
2023-07-10,2606549.0132957697
2023-07-11,2598847.7173224688
2023-07-12,2593154.721213937
2023-07-13,2595695.302718997
2023-07-14,2542613.8885492086
2023-07-17,2566468.059330344
2023-07-18,2582081.6446460485
2023-07-19,2563348.3133853674
2023-07-20,2563338.962784648
2023-07-21,2582453.5116995573
2023-07-24,2585739.5447901487
2023-07-25,2584975.020943761
2023-07-26,2594465.098476529
2023-07-27,2583016.0419374704
2023-07-28,2605348.493745923
2023-07-31,2616109.4833050966
2023-08-01,2598921.6407033205
2023-08-02,2626963.9274777174
2023-08-03,2648190.2180894613
2023-08-04,2655612.641581893
2023-08-07,2639253.3324433565
2023-08-08,2648684.1730970144
2023-08-09,2634779.0168162584
2023-08-10,2660687.860643506
2023-08-11,2661088.827767968
2023-08-14,2597279.2913030386
2023-08-15,2584630.0406559706
2023-08-16,2579423.52121675
2023-08-17,2537739.7580980062
2023-08-18,2542021.561907649
2023-08-21,2535421.2864488363
2023-08-22,2543451.2686337233
2023-08-23,2566932.1320222616
2023-08-24,2561022.4987539053
2023-08-25,2537671.1510642767
2023-08-28,2551469.566501975
2023-08-29,2552356.4039496183
2023-08-30,2547610.314486861
2023-08-31,2525639.6133517027
2023-09-01,2576790.416099429
2023-09-04,2569592.855087161
2023-09-05,2543159.461027026
2023-09-06,2507895.9824672937
2023-09-08,2515686.5877438784
2023-09-11,2542602.5612038374
2023-09-12,2579030.252405286
2023-09-13,2576888.0423816442
2023-09-14,2567486.854053855
2023-09-15,2540455.519043803
2023-09-18,2561129.196484208
2023-09-19,2539775.368414283
2023-09-20,2552638.629111409
2023-09-21,2499146.280500531
2023-09-22,2489281.942584634
2023-09-25,2477304.2086616755
2023-09-26,2445724.3260763884
2023-09-27,2446029.596963048
2023-09-28,2465233.762902856
2023-09-29,2469602.374258399
2023-10-02,2462649.3420814276
2023-10-03,2448650.2628763914
2023-10-04,2454413.8194116354
2023-10-05,2449370.2280238867
2023-10-06,2438567.146180272
2023-10-09,2421291.163712859
2023-10-10,2433651.7102936506
2023-10-11,2433035.849476218
2023-10-13,2416545.9031118155
2023-10-16,2419476.738380313
2023-10-17,2408635.183080554
2023-10-18,2401056.2953327894
2023-10-19,2403698.8092588186
2023-10-20,2399226.33693254
2023-10-23,2392910.5598534346
2023-10-24,2386589.1872957945
2023-10-25,2384984.858694911
2023-10-26,2392421.421121478
2023-10-27,2384124.0353382826
2023-10-30,2379869.399733901
2023-10-31,2384128.4839013815
2023-11-01,2407088.375530362
2023-11-03,2474881.450819373
2023-11-06,2473899.067552924
2023-11-07,2494537.306546569
2023-11-08,2476839.2720071077
2023-11-09,2495754.821416974
2023-11-10,2513175.195340991
2023-11-13,2520370.6308351755
2023-11-14,2566715.293789506
2023-11-16,2598671.5806628466
2023-11-17,2594742.018253684
2023-11-20,2588247.440907359
2023-11-21,2551631.740237117
2023-11-22,2539754.8539606333
2023-11-23,2550029.4672049284
2023-11-24,2539405.0209561586
2023-11-27,2562989.4492765665
2023-11-28,2594635.902754903
2023-11-29,2594770.906277299
2023-11-30,2598232.228546262
2023-12-01,2644090.5692077875
2023-12-04,2645587.0597373247
2023-12-05,2649050.500697255
2023-12-06,2631267.534843564
2023-12-07,2634357.929148793
2023-12-08,2643541.967134595
2023-12-11,2633566.2631298304
2023-12-12,2629693.974053502
2023-12-13,2658473.7876154184
2023-12-14,2665111.699755788
2023-12-15,2661811.887138009
2023-12-18,2700742.0558840036
2023-12-19,2704810.285534501
2023-12-20,2706977.4404708147
2023-12-21,2721118.1718856096
2023-12-22,2707276.4136782885
2023-12-26,2711605.185448289
2023-12-27,2734128.2328077555
2023-12-28,2750898.547163129
2024-01-02,2729226.752282262
2024-01-03,2743899.8744131327
2024-01-04,2716997.930004239
2024-01-05,2724324.6478606462
2024-01-08,2722379.9335523844
2024-01-09,2723391.082005143
2024-01-10,2708157.29170382
2024-01-11,2697230.9905697107
2024-01-12,2695171.381471753
2024-01-15,2705548.2567549944
2024-01-16,2679218.4402252436
2024-01-17,2682161.9844208956
2024-01-18,2666018.2636152506
2024-01-19,2679799.239122987
2024-01-22,2671868.103405595
2024-01-23,2688928.074110627
2024-01-24,2690125.668324113
2024-01-25,2716807.0566288233
2024-01-26,2716454.760897279
2024-01-29,2697969.276205659
2024-01-30,2694722.9656387568
2024-01-31,2717129.32913363
2024-02-01,2699697.299042821
2024-02-02,2684172.1950331926
2024-02-05,2668107.4486056566
2024-02-06,2703295.6613851786
2024-02-07,2713670.0333019495
2024-02-08,2674736.331803918
2024-02-09,2665894.999432206
2024-02-14,2658757.721716523
2024-02-15,2668152.6798979044
2024-02-16,2679831.561015725
2024-02-19,2670746.1658478975
2024-02-20,2651797.487897992
2024-02-21,2644796.303493142
2024-02-22,2662997.1862307787
2024-02-23,2652571.7308193445
2024-02-26,2676696.212814927
2024-02-27,2714436.2362185717
2024-02-28,2711656.5141159296
2024-02-29,2694900.75390923
2024-03-01,2696271.922364354
2024-03-04,2700684.0304299593
2024-03-05,2699527.8857928514
2024-03-06,2700956.7627626657
2024-03-07,2695600.7211028337
2024-03-08,2715778.5469676256
2024-03-11,2701054.687084317
2024-03-12,2709889.0541387796
2024-03-13,2717909.0445376635
2024-03-14,2736883.974539876
2024-03-15,2717847.347405076
2024-03-18,2707430.3741551638
2024-03-19,2726034.3532806635
2024-03-20,2746813.6986175776
2024-03-21,2738927.963860154
2024-03-22,2732415.2874680758
2024-03-25,2722514.073039651
2024-03-26,2733117.052217126
2024-03-27,2743896.1845532656
2024-03-28,2775917.762586713
2024-04-01,2754725.0562936068
2024-04-02,2745582.629193902
2024-04-03,2744117.2188802958
2024-04-04,2746378.5081425905
2024-04-05,2745746.457790971
2024-04-08,2774079.24742043
2024-04-09,2780572.6735016108
2024-04-10,2759516.5886842012
2024-04-11,2758564.1402255297
2024-04-12,2710797.7162538767
2024-04-15,2716893.5718132257
2024-04-16,2704847.0960122347
2024-04-17,2689676.733646989
2024-04-18,2702114.8234778643
2024-04-19,2703931.159611821
2024-04-22,2707697.935840249
2024-04-23,2720074.7841511965
2024-04-24,2724102.6414648294
2024-04-25,2714778.520395398
2024-04-26,2729473.435169816
2024-04-29,2743997.685556531
2024-04-30,2720861.6497823
2024-05-02,2746728.626330495
2024-05-03,2792226.8115588427
2024-05-06,2768839.5171176195
2024-05-07,2771918.515666604
2024-05-08,2803154.492220521
2024-05-09,2778373.830394864
2024-05-10,2730888.8381658792
2024-05-13,2733676.7154499292
2024-05-14,2767115.389077306
2024-05-15,2784684.438803315
2024-05-16,2800068.0553456545
2024-05-17,2797688.4375058413
2024-05-20,2795445.04607594
2024-05-21,2808381.9448515177
2024-05-22,2776005.241649747
2024-05-23,2771189.833900094
2024-05-24,2746785.2591902018
2024-05-27,2743471.0276561975
2024-05-28,2725780.7854858637
2024-05-29,2708672.848140359
2024-05-31,2689459.4920898676
2024-06-03,2685734.901183963
2024-06-04,2685563.571790576
2024-06-05,2671695.8522406816
2024-06-06,2673490.6081525087
2024-06-07,2634659.1184586287
2024-06-10,2615856.75087893
2024-06-11,2626351.602271199
2024-06-12,2610931.2329000235
2024-06-13,2614036.350806594
2024-06-14,2607161.0494264364
2024-06-17,2590908.932711959
2024-06-18,2604437.6431406736
2024-06-19,2605830.3842605352
2024-06-20,2609425.7742899656
2024-06-21,2634531.978084922
2024-06-24,2641149.989820838
2024-06-25,2652827.5717891455
2024-06-26,2643349.1048816442
2024-06-27,2663911.7667907476
2024-06-28,2653674.293946147
2024-07-01,2667145.0747665167
2024-07-02,2677487.650869727
2024-07-03,2681223.111518264
2024-07-04,2695735.026420951
2024-07-05,2680690.7608088255
2024-07-08,2691246.2855910063
2024-07-09,2700603.6470645666
2024-07-10,2701542.3189285994
2024-07-11,2716036.8775547743
2024-07-12,2730934.122058749
2024-07-15,2720867.4065274
2024-07-16,2730207.842012763
2024-07-17,2733732.8646939993
2024-07-18,2718552.352475047
2024-07-19,2724484.522827506
2024-07-22,2712628.064736247
2024-07-23,2735786.0346621275
2024-07-24,2703336.643106818
2024-07-25,2697541.9742377996
2024-07-26,2700019.247284293
2024-07-29,2695234.7395328283
2024-07-30,2704073.669754386
2024-07-31,2707145.837192893
2024-08-01,2699826.4927562475
2024-08-02,2657491.733126998
2024-08-05,2631095.525802493
2024-08-06,2646824.72905457
2024-08-07,2667378.776425481
2024-08-08,2701955.1753953695
2024-08-09,2736028.751651883
2024-08-12,2744922.6507595778
2024-08-13,2790872.070902467
2024-08-14,2804142.2096875906
2024-08-15,2823104.0449985266
2024-08-16,2808843.031092286
2024-08-19,2849300.673781991
2024-08-20,2857015.070163369
2024-08-21,2886417.6826888323
2024-08-22,2871926.6884390116
2024-08-23,2920073.8770393133
2024-08-26,2911335.990563035
2024-08-27,2901098.6517635584
2024-08-28,2912722.2705794573
2024-08-29,2884100.0063530207
2024-08-30,2885676.4145122766
2024-09-02,2878073.935295224
2024-09-03,2889578.9647370577
2024-09-04,2920037.9284387827
2024-09-05,2924217.7697860003
2024-09-06,2919086.009611726
2024-09-09,2910181.869533658
2024-09-10,2910360.9790216684
2024-09-11,2904383.132897973
2024-09-12,2889907.846535325
2024-09-13,2915240.683974862
2024-09-16,2917553.5022569895
2024-09-17,2919652.2091423273
2024-09-18,2910284.637758851
2024-09-19,2903676.2718702555
2024-09-20,2863515.4193183184
2024-09-23,2852616.3353358507
2024-09-24,2860825.960457444
2024-09-25,2864968.5903588533
2024-09-26,2874861.2691670656
2024-09-27,2879895.4161120653
2024-09-30,2904039.3158279657
2024-10-01,2872630.0316826105
2024-10-02,2914918.4557501078
2024-10-03,2859572.934241414
2024-10-04,2853869.4610363245
2024-10-07,2829031.0901800394
2024-10-08,2834357.8958426714
2024-10-09,2809202.225479245
2024-10-10,2821836.3164926767
2024-10-11,2811168.079985261
2024-10-14,2829213.5586777925
2024-10-15,2837485.4742985964
2024-10-16,2867416.669775605
2024-10-17,2862161.033179879
2024-10-18,2871799.753362298
2024-10-21,2880620.6642080545
2024-10-22,2881684.133153558
2024-10-23,2887437.2989975214
2024-10-24,2907232.9393883944
2024-10-25,2884045.6370378733
2024-10-28,2911266.982159257
2024-10-29,2898570.116409421
2024-10-30,2898948.0777078867
2024-10-31,2905787.2448869944
2024-11-01,2883829.9736453295
2024-11-04,2955700.1366831064
2024-11-05,2980690.17367661
2024-11-06,3005948.59688437
2024-11-07,2941802.878851056
2024-11-08,2939743.582503438
2024-11-11,2960246.8707352877
2024-11-12,2965765.298495412
2024-11-13,2977370.841967225
2024-11-14,2975240.956123948
2024-11-18,2958455.2517157793
2024-11-19,2964442.930189252
2024-11-21,2956379.1947852373
2024-11-22,2975691.808896184
2024-11-25,2967751.830763936
2024-11-26,2983191.4758526087
2024-11-27,2960602.6549750566
2024-11-28,2909550.9993988276
2024-11-29,2950131.2665120363
2024-12-02,2959007.125349164
2024-12-03,2964116.145529866
2024-12-04,2985322.664848447
2024-12-05,3004662.3371845484
2024-12-06,2989497.3766680956
2024-12-09,2982110.021535516
2024-12-10,2962990.6827441454
2024-12-11,2988305.3979893923
2024-12-12,2938123.9002662897
2024-12-13,2923682.589996934
2024-12-16,2924251.3856235743
2024-12-17,2923564.661281228
2024-12-18,2881776.7888513803
2024-12-19,2878774.3481384516
2024-12-20,2880892.7356592417
2024-12-23,2869187.0782705545
2024-12-26,2869560.383545518
2024-12-27,2860930.589821458
2024-12-30,2856919.6564747095
