Date,0
2010-01-04,1000000.0
2010-01-05,1000000.0
2010-01-06,1000000.0
2010-01-07,1000000.0
2010-01-08,1000000.0
2010-01-11,1000000.0
2010-01-12,1000000.0
2010-01-13,1000000.0
2010-01-14,1000000.0
2010-01-15,1000000.0
2010-01-18,1000000.0
2010-01-19,1000000.0
2010-01-20,1000000.0
2010-01-21,1000000.0
2010-01-22,1000000.0
2010-01-26,1000000.0
2010-01-27,1000000.0
2010-01-28,1000000.0
2010-01-29,1000000.0
2010-02-01,1000000.0
2010-02-02,1000000.0
2010-02-03,1000000.0
2010-02-04,1000000.0
2010-02-05,1000000.0
2010-02-08,1000000.0
2010-02-09,1000000.0
2010-02-10,1000000.0
2010-02-11,1000000.0
2010-02-12,1000000.0
2010-02-17,1000000.0
2010-02-18,1000000.0
2010-02-19,1000000.0
2010-02-22,1000000.0
2010-02-23,1000000.0
2010-02-24,1000000.0
2010-02-25,1000000.0
2010-02-26,1000000.0
2010-03-01,1000000.0
2010-03-02,1000000.0
2010-03-03,1000000.0
2010-03-04,1000000.0
2010-03-05,1000000.0
2010-03-08,1000000.0
2010-03-09,1000000.0
2010-03-10,1000000.0
2010-03-11,1000000.0
2010-03-12,1000000.0
2010-03-15,1000000.0
2010-03-16,1000000.0
2010-03-17,1000000.0
2010-03-18,1000000.0
2010-03-19,1000000.0
2010-03-22,1000000.0
2010-03-23,1000000.0
2010-03-24,1000000.0
2010-03-25,1000000.0
2010-03-26,1000000.0
2010-03-29,1000000.0
2010-03-30,1000000.0
2010-03-31,1000000.0
2010-04-01,1000000.0
2010-04-05,1000000.0
2010-04-06,1000000.0
2010-04-07,1000000.0
2010-04-08,1000000.0
2010-04-09,1000000.0
2010-04-12,1000000.0
2010-04-13,1000000.0
2010-04-14,1000000.0
2010-04-15,1000000.0
2010-04-16,1000000.0
2010-04-19,1000000.0
2010-04-20,1000000.0
2010-04-22,1000000.0
2010-04-23,1000000.0
2010-04-26,1000000.0
2010-04-27,1000000.0
2010-04-28,1000000.0
2010-04-29,1000000.0
2010-04-30,1000000.0
2010-05-03,1000000.0
2010-05-04,1000000.0
2010-05-05,1000000.0
2010-05-06,1000000.0
2010-05-07,1000000.0
2010-05-10,1000000.0
2010-05-11,1000000.0
2010-05-12,1000000.0
2010-05-13,1000000.0
2010-05-14,1000000.0
2010-05-17,1000000.0
2010-05-18,1000000.0
2010-05-19,1000000.0
2010-05-20,1000000.0
2010-05-21,1000000.0
2010-05-24,1000000.0
2010-05-25,1000000.0
2010-05-26,1000000.0
2010-05-27,1000000.0
2010-05-28,1000000.0
2010-05-31,1000000.0
2010-06-01,989072.810782671
2010-06-02,990487.031013608
2010-06-04,990987.3120144606
2010-06-07,990025.8697553873
2010-06-08,992296.4121235609
2010-06-09,981299.8457894325
2010-06-10,984799.6335798502
2010-06-11,988781.9732774496
2010-06-14,989361.5799022913
2010-06-15,1005438.8427927494
2010-06-16,1013972.2679898739
2010-06-17,1013318.686876893
2010-06-18,1014542.2034710646
2010-06-21,1006839.7051202059
2010-06-22,1011688.677049756
2010-06-23,1015444.9414250851
2010-06-24,1010328.4818183184
2010-06-25,1018069.1267517805
2010-06-28,1030293.3142622709
2010-06-29,1017453.2980674505
2010-06-30,1013433.4894560575
2010-07-01,1003534.7312400341
2010-07-02,1004495.1561397314
2010-07-05,1002418.3262562752
2010-07-06,1007539.0724804401
2010-07-07,1014394.5272480249
2010-07-08,1012010.6027733088
2010-07-12,1010585.4227437973
2010-07-13,1006954.5584058762
2010-07-14,1010769.1096991301
2010-07-15,1008734.1304904222
2010-07-16,1003061.4213546515
2010-07-19,1008075.6740785837
2010-07-20,1014740.2915440798
2010-07-21,1012195.5753866434
2010-07-22,1020856.79522717
2010-07-23,1022056.3769563437
2010-07-26,1024853.4237769842
2010-07-27,1027576.6069520712
2010-07-28,1030086.2819105387
2010-07-29,1037262.9047790766
2010-07-30,1053553.4736679792
2010-08-02,1055902.4712525606
2010-08-03,1055428.8933012486
2010-08-04,1057199.3681981564
2010-08-05,1057986.7843854427
2010-08-06,1055114.0045642853
2010-08-09,1056758.6170428991
2010-08-10,1055404.5560115576
2010-08-11,1052819.1211693287
2010-08-12,1059048.1181095839
2010-08-13,1067056.6139307022
2010-08-16,1075153.0986557007
2010-08-17,1085484.0775898695
2010-08-18,1096944.7405843735
2010-08-19,1097693.4177455902
2010-08-20,1095605.8612504005
2010-08-23,1097275.0690116882
2010-08-24,1088357.764038086
2010-08-25,1067131.3216406107
2010-08-26,1066105.0394459963
2010-08-27,1082995.532673955
2010-08-30,1081143.490513444
2010-08-31,1085530.967743516
2010-09-01,1083339.5807439089
2010-09-02,1084597.7111848593
2010-09-03,1088696.1115285158
2010-09-06,1086034.2222462893
2010-09-08,1083974.1834734678
2010-09-09,1088253.4665814638
2010-09-10,1091119.566251874
2010-09-13,1093596.3577340841
2010-09-14,1093342.8081382513
2010-09-15,1097995.7999814749
2010-09-16,1104294.1559847593
2010-09-17,1108344.5018485785
2010-09-20,1108613.8400191069
2010-09-21,1107390.9729946852
2010-09-22,1110967.518794179
2010-09-23,1116486.6135343313
2010-09-24,1119251.277862668
2010-09-27,1126461.9745873213
2010-09-28,1127506.9293376207
2010-09-29,1129042.3972769976
2010-09-30,1134611.9222854376
2010-10-01,1149324.4096194506
2010-10-04,1159597.509391427
2010-10-05,1171528.1509705782
2010-10-06,1182188.2566570044
2010-10-07,1185212.2808185816
2010-10-08,1193915.5359076262
2010-10-11,1213232.8358632326
2010-10-13,1229468.0762757063
2010-10-14,1226757.7532018423
2010-10-15,1242113.7861248255
2010-10-18,1225435.1762062311
2010-10-19,1201645.8366936445
2010-10-20,1222077.820528388
2010-10-21,1229472.0326083899
2010-10-22,1235612.781866908
2010-10-25,1235743.693601489
2010-10-26,1243329.8027387857
2010-10-27,1229189.3373192549
2010-10-28,1226077.1518617868
2010-10-29,1236399.8976546526
2010-11-01,1245741.5880783796
2010-11-03,1260775.5467020273
2010-11-04,1267445.3784497976
2010-11-05,1270367.227904439
2010-11-08,1273712.8113476038
2010-11-09,1264420.8394657373
2010-11-10,1246819.8868733644
2010-11-11,1235838.240491271
2010-11-12,1228218.8711885214
2010-11-16,1221933.2356477976
2010-11-17,1235904.0866845846
2010-11-18,1259730.32505548
2010-11-19,1276168.7857142687
2010-11-22,1269659.9942346811
2010-11-23,1251818.961143136
2010-11-24,1269664.15628016
2010-11-25,1273831.1721435785
2010-11-26,1276234.8029004335
2010-11-29,1266984.811380744
2010-11-30,1274551.8576449156
2010-12-01,1274850.4228516817
2010-12-02,1279673.2342630625
2010-12-03,1272277.2426401377
2010-12-06,1272710.2920771837
2010-12-07,1270073.7005950212
2010-12-08,1267123.3423682451
2010-12-09,1255442.4643934965
2010-12-10,1254530.1015099287
2010-12-13,1261658.394726634
2010-12-14,1265062.0576204062
2010-12-15,1260591.512262702
2010-12-16,1254079.4999617338
2010-12-17,1260995.5812658072
2010-12-20,1254876.6813992262
2010-12-21,1264341.4574364424
2010-12-22,1255829.8969849348
2010-12-23,1266687.272808671
2010-12-27,1253676.374645114
2010-12-28,1262896.5006116629
2010-12-29,1273466.28604424
2010-12-30,1292363.9556962252
2011-01-03,1293981.2260457277
2011-01-04,1289490.852125287
2011-01-05,1284221.404473424
2011-01-06,1281347.3744488955
2011-01-07,1278680.6451929808
2011-01-10,1282961.209894061
2011-01-11,1281837.5928314924
2011-01-12,1285589.2506181002
2011-01-13,1279853.9088989496
2011-01-14,1274195.7639049292
2011-01-17,1276853.0325602293
2011-01-18,1276662.3640278578
2011-01-19,1273662.6392749548
2011-01-20,1275882.0223792791
2011-01-21,1272813.2163795233
2011-01-24,1283315.2509337664
2011-01-26,1280701.5969702005
2011-01-27,1253531.2009931803
2011-01-28,1227297.297588706
2011-01-31,1227335.1918798685
2011-02-01,1223563.4873899221
2011-02-02,1224134.693004012
2011-02-03,1218592.1283146143
2011-02-04,1202584.726261735
2011-02-07,1208708.596885085
2011-02-08,1201300.6205967665
2011-02-09,1192118.2184957266
2011-02-10,1186712.489907384
2011-02-11,1196444.400833726
2011-02-14,1203934.86797297
2011-02-15,1205678.2013083696
2011-02-16,1213569.0451239347
2011-02-17,1204279.2789615393
2011-02-18,1208123.6347347498
2011-02-21,1208339.0143011808
2011-02-22,1194951.048178792
2011-02-23,1195473.3596447706
2011-02-24,1195473.3596447706
2011-02-25,1190600.1089795828
2011-02-28,1196488.2174800634
2011-03-01,1188016.0585159063
2011-03-02,1197389.1428831816
2011-03-03,1202381.8733159304
2011-03-04,1200885.9773107767
2011-03-09,1200885.9773107767
2011-03-10,1197635.4505382776
2011-03-11,1201575.5868502855
2011-03-14,1207992.065335393
2011-03-15,1211972.77203238
2011-03-16,1192384.5056272745
2011-03-17,1198269.1823741198
2011-03-18,1207398.8626731634
2011-03-21,1205196.5371762514
2011-03-22,1211045.959765792
2011-03-23,1208346.3678637743
2011-03-24,1212346.3211647272
2011-03-25,1214422.8640381098
2011-03-28,1213566.2402693033
2011-03-29,1215152.1569911242
2011-03-30,1213804.62543118
2011-03-31,1220743.7301350832
2011-04-01,1229869.638549924
2011-04-04,1247369.51562953
2011-04-05,1249154.29555583
2011-04-06,1246470.622439742
2011-04-07,1239876.0759593248
2011-04-08,1233640.7866350412
2011-04-11,1233885.5601974726
2011-04-12,1220358.1643105745
2011-04-13,1226333.8780947924
2011-04-14,1221397.8202804327
2011-04-15,1226800.5966374874
2011-04-18,1233928.4744255543
2011-04-19,1233269.775064826
2011-04-20,1239383.9712321758
2011-04-25,1237470.2584742308
2011-04-26,1240766.055096984
2011-04-27,1236289.2915290594
2011-04-28,1232849.2038151026
2011-04-29,1240502.7007297277
2011-05-02,1235706.2206333876
2011-05-03,1225881.1010013819
2011-05-04,1220327.0994968414
2011-05-05,1219746.7254878283
2011-05-06,1243948.3996585608
2011-05-09,1245047.531931281
2011-05-10,1245047.531931281
2011-05-11,1237589.7153875828
2011-05-12,1248392.7537976503
2011-05-13,1239606.2394205332
2011-05-16,1239606.2394205332
2011-05-17,1230364.0610547066
2011-05-18,1227699.351723075
2011-05-19,1233443.7060226202
2011-05-20,1235221.7678403854
2011-05-23,1230443.1804206371
2011-05-24,1242317.7201313972
2011-05-25,1241604.0412544012
2011-05-26,1247240.9748663902
2011-05-27,1245008.2989610434
2011-05-30,1240865.677570939
2011-05-31,1248124.8549815416
2011-06-01,1235622.658684373
2011-06-02,1249637.232738614
2011-06-03,1255671.6486645937
2011-06-06,1253033.426256299
2011-06-07,1255349.6221362352
2011-06-08,1251127.373234868
2011-06-09,1252913.0736991167
2011-06-10,1245748.5341988802
2011-06-13,1248243.6785527468
2011-06-14,1247838.0212022066
2011-06-15,1236326.6761351824
2011-06-16,1234628.4171425104
2011-06-17,1237540.3736230135
2011-06-20,1231943.6380330324
2011-06-21,1239665.4440261126
2011-06-22,1231756.858192563
2011-06-24,1233832.7030431032
2011-06-27,1233566.6397744417
2011-06-28,1246379.7166548967
2011-06-29,1246144.7933045626
2011-06-30,1249055.116819024
2011-07-01,1239866.1069632769
2011-07-04,1244304.8558307886
2011-07-05,1249651.858309865
2011-07-06,1242592.7145425081
2011-07-07,1235343.909003377
2011-07-08,1226390.2584615946
2011-07-11,1211685.6049438715
2011-07-12,1209579.400555253
2011-07-13,1217413.821332574
2011-07-14,1207790.0902091265
2011-07-15,1212105.3324719667
2011-07-18,1204394.7099920511
2011-07-19,1199612.0320459604
2011-07-20,1198558.6619731188
2011-07-21,1203396.2990351915
2011-07-22,1204403.0222355127
2011-07-25,1210422.6704794168
2011-07-26,1208017.6908365488
2011-07-27,1200280.0888644457
2011-07-28,1204927.0334922075
2011-07-29,1202769.10980618
2011-08-01,1204636.1260558367
2011-08-02,1196880.7660919428
2011-08-03,1192154.300828576
2011-08-04,1163376.150713563
2011-08-05,1157925.221116662
2011-08-08,1125602.319095254
2011-08-09,1124799.012307763
2011-08-10,1125361.7588249445
2011-08-11,1129130.5891929865
2011-08-12,1133992.5765281916
2011-08-15,1136949.4038587809
2011-08-16,1137384.7528835535
2011-08-17,1142175.1873871088
2011-08-18,1138285.2577911615
2011-08-19,1136204.1685749292
2011-08-22,1135198.5026279688
2011-08-23,1136504.203002572
2011-08-24,1135214.4797235727
2011-08-25,1135021.558410287
2011-08-26,1134475.2858663797
2011-08-29,1137572.2479721308
2011-08-30,1140404.4791475534
2011-08-31,1145369.0234924555
2011-09-01,1159493.093509078
2011-09-02,1148183.4846560955
2011-09-05,1122282.0418616533
2011-09-06,1132613.494827032
2011-09-08,1144496.16911757
2011-09-09,1134029.5576004982
2011-09-12,1127399.1792646646
2011-09-13,1117554.0230724812
2011-09-14,1119317.6585808992
2011-09-15,1119675.3051811457
2011-09-16,1130408.1361073256
2011-09-19,1127832.2936980724
2011-09-20,1123704.6013860703
2011-09-21,1122103.980631709
2011-09-22,1099211.1154682636
2011-09-23,1093471.5659257174
2011-09-26,1094094.6755923033
2011-09-27,1098251.27244699
2011-09-28,1093983.2576708794
2011-09-29,1092863.303581953
2011-09-30,1092988.8494042158
2011-10-03,1089098.9015954733
2011-10-04,1075373.6542214155
2011-10-05,1074181.5964797735
2011-10-06,1087673.8795288801
2011-10-07,1086838.4721685648
2011-10-10,1096658.6998444796
2011-10-11,1097308.768106103
2011-10-13,1102552.1570318937
2011-10-14,1101369.8146835566
2011-10-17,1102285.231940627
2011-10-18,1106950.391523242
2011-10-19,1110872.8677614927
2011-10-20,1104126.7522751093
2011-10-21,1109305.0543564558
2011-10-24,1111566.1264609098
2011-10-25,1113843.1138228178
2011-10-26,1111367.4278897047
2011-10-27,1109979.7851852179
2011-10-28,1112849.1590634584
2011-10-31,1116789.822798133
2011-11-01,1106500.1212393045
2011-11-03,1118859.697204113
2011-11-04,1117340.9270217419
2011-11-07,1119678.1907417774
2011-11-08,1119567.24397254
2011-11-09,1113799.9780290127
2011-11-10,1113874.1888558865
2011-11-11,1121554.8267368078
2011-11-14,1119342.387636423
2011-11-16,1114145.6545823812
2011-11-17,1102992.1087343693
2011-11-18,1105708.875868559
2011-11-21,1105693.6287071705
2011-11-22,1101133.466593027
2011-11-23,1099138.9121220112
2011-11-24,1102408.0202887058
2011-11-25,1101933.7852498293
2011-11-28,1115469.371976614
2011-11-29,1113542.5143380165
2011-11-30,1127872.9023079872
2011-12-01,1133401.4552679062
2011-12-02,1124093.580789566
2011-12-05,1137028.768148899
2011-12-06,1145745.582682848
2011-12-07,1141735.9193296432
2011-12-08,1140744.225067854
2011-12-09,1149753.5360188484
2011-12-12,1148636.2895228863
2011-12-13,1154584.663141489
2011-12-14,1147678.6022975445
2011-12-15,1148925.2669656277
2011-12-16,1154257.712255478
2011-12-19,1150157.6128835678
2011-12-20,1161673.302341938
2011-12-21,1157947.7042109966
2011-12-22,1155189.2807161808
2011-12-23,1169907.7708845139
2011-12-26,1175131.9657056332
2011-12-27,1177420.3147802353
2011-12-28,1177083.955142498
2011-12-29,1188442.0732238293
2012-01-02,1186601.4740018845
2012-01-03,1190415.1351251602
2012-01-04,1199615.074210167
2012-01-05,1193550.322314024
2012-01-06,1189354.0207445621
2012-01-09,1191854.433652401
2012-01-10,1186506.583410263
2012-01-11,1178955.558817625
2012-01-12,1182408.5944077969
2012-01-13,1189247.372128725
2012-01-16,1195736.812369585
2012-01-17,1194714.1285076141
2012-01-18,1197695.1926896572
2012-01-19,1198767.72214365
2012-01-20,1203179.4778683186
2012-01-23,1199343.187789917
2012-01-24,1203978.0149202347
2012-01-26,1207192.695783615
2012-01-27,1208832.8202433586
2012-01-30,1210750.7629404068
2012-01-31,1219962.4428958893
2012-02-01,1233370.8659466505
2012-02-02,1237051.531853795
2012-02-03,1242583.1204971075
2012-02-06,1239362.901427865
2012-02-07,1243168.397376418
2012-02-08,1245479.2868241072
2012-02-09,1245772.247571826
2012-02-10,1243209.288794756
2012-02-13,1247864.9037070274
2012-02-14,1257162.6311867237
2012-02-15,1267518.6496787071
2012-02-16,1274034.1861186028
2012-02-17,1281429.2689363956
2012-02-23,1281950.4584867954
2012-02-24,1281180.1196477413
2012-02-27,1283780.6035051346
2012-02-28,1295652.9882559776
2012-02-29,1300486.383313775
2012-03-01,1313881.609406352
2012-03-02,1320645.1726316214
2012-03-05,1323943.4222103357
2012-03-06,1307157.8473614454
2012-03-07,1310399.1485425234
2012-03-08,1317483.3742200136
2012-03-09,1327116.1792219877
2012-03-12,1326036.0560702085
2012-03-13,1340243.6897073984
2012-03-14,1344994.5698770285
2012-03-15,1336567.5506571531
2012-03-16,1329740.72309196
2012-03-19,1328328.2593144178
2012-03-20,1333939.826395154
2012-03-21,1345482.4217711687
2012-03-22,1347456.9821718931
2012-03-23,1328223.4830361605
2012-03-26,1347378.8872181177
2012-03-27,1347437.789294362
2012-03-28,1336416.548891902
2012-03-29,1338740.468128562
2012-03-30,1341396.9944421053
2012-04-02,1361664.11659801
2012-04-03,1347449.8584040403
2012-04-04,1341814.416947484
2012-04-05,1348169.0034087896
2012-04-09,1335917.212913394
2012-04-10,1325632.7557038069
2012-04-11,1318844.259600997
2012-04-12,1334325.029204011
2012-04-13,1329700.3384946585
2012-04-16,1333926.2607244253
2012-04-17,1339058.9829665422
2012-04-18,1348136.902221799
2012-04-19,1357426.5016604662
2012-04-20,1359151.777404189
2012-04-23,1348611.6624833345
2012-04-24,1356116.1923664808
2012-04-25,1361463.9441837072
2012-04-26,1365091.4138110876
2012-04-27,1375861.0022808313
2012-04-30,1379746.8203507662
2012-05-02,1390800.3727160692
2012-05-03,1386559.7425174713
2012-05-04,1374400.844593048
2012-05-07,1380949.7160186768
2012-05-08,1375739.3505616188
2012-05-09,1378759.3486468792
2012-05-10,1385478.8179152012
2012-05-11,1389594.120091319
2012-05-14,1367657.8495237827
2012-05-15,1346689.1512879133
2012-05-16,1344758.4731680155
2012-05-17,1321483.9182958603
2012-05-18,1320376.3306421041
2012-05-21,1318057.5194872618
2012-05-22,1324362.089607358
2012-05-23,1315931.39906466
2012-05-24,1321365.0452375412
2012-05-25,1325131.339993596
2012-05-28,1336799.24971354
2012-05-29,1336175.8303149939
2012-05-30,1332217.4922014475
2012-05-31,1343755.6319919825
2012-06-01,1333288.27245605
2012-06-04,1332129.8351154327
2012-06-05,1319989.7365163565
2012-06-06,1338842.753532648
2012-06-08,1328193.588156104
2012-06-11,1327850.0587035418
2012-06-12,1344647.6407666206
2012-06-13,1343029.2919766903
2012-06-14,1332472.2042342424
2012-06-15,1341339.6039112806
2012-06-18,1347217.885974288
2012-06-19,1361315.8655706644
2012-06-20,1356864.9633791447
2012-06-21,1357972.9192955494
2012-06-22,1354422.6800994873
2012-06-25,1356308.9443523884
2012-06-26,1357037.802491188
2012-06-27,1362738.7306742668
2012-06-28,1359797.1339921951
2012-06-29,1381092.3741855621
2012-07-02,1379631.4644026756
2012-07-03,1388198.0941859484
2012-07-04,1391003.1302688122
2012-07-05,1391803.1435996294
2012-07-06,1386618.4199584723
2012-07-10,1383485.9221249819
2012-07-11,1387282.506851554
2012-07-12,1385588.4364653826
2012-07-13,1387261.479540825
2012-07-16,1387589.9826803207
2012-07-17,1393495.0552324057
2012-07-18,1397716.4578797817
2012-07-19,1411182.8745760918
2012-07-20,1398662.6866304874
2012-07-23,1387676.7633045912
2012-07-24,1397949.4307252169
2012-07-25,1404274.3411523104
2012-07-26,1419298.0629041195
2012-07-27,1431506.1480109692
2012-07-30,1446913.9453030825
2012-07-31,1442128.0119844675
2012-08-01,1456145.737316966
2012-08-02,1452824.803195119
2012-08-03,1460059.7421566248
2012-08-06,1469995.0777353048
2012-08-07,1472214.662048936
2012-08-08,1474917.002719283
2012-08-09,1461435.7731519938
2012-08-10,1459499.1570693254
2012-08-13,1466813.001062274
2012-08-14,1467383.6823934317
2012-08-15,1461096.685979724
2012-08-16,1475713.0007728338
2012-08-17,1474092.483172059
2012-08-20,1472469.4274567366
2012-08-21,1472110.2150489092
2012-08-22,1484393.05157125
2012-08-23,1475969.7249039412
2012-08-24,1514198.2334793806
2012-08-27,1511298.488370061
2012-08-28,1510941.1248720884
2012-08-29,1507672.464853406
2012-08-30,1502955.1692956686
2012-08-31,1493066.4442950487
2012-09-03,1489733.9727801085
2012-09-04,1486266.234684825
2012-09-05,1489307.938070178
2012-09-06,1506196.747706294
2012-09-10,1506281.1916784048
2012-09-11,1507655.0916250944
2012-09-12,1504364.9842580557
2012-09-13,1519983.3397601843
2012-09-14,1500745.914111495
2012-09-17,1504249.3768285513
2012-09-18,1513154.971901536
2012-09-19,1519070.1012305021
2012-09-20,1524208.8802472353
2012-09-21,1533012.5693963766
2012-09-24,1536622.615620494
2012-09-25,1534903.087409377
2012-09-26,1542696.2379568815
2012-09-27,1547340.0310269594
2012-09-28,1553496.023785472
2012-10-01,1558504.379075408
2012-10-02,1567782.3800436258
2012-10-03,1566088.9593826532
2012-10-04,1569832.2643352747
2012-10-05,1582333.534436822
2012-10-08,1590922.6267780066
2012-10-09,1583162.9798859358
2012-10-10,1581835.9262453318
2012-10-11,1598005.2841471434
2012-10-15,1600227.3172978163
2012-10-16,1607199.2495063543
2012-10-17,1615148.6881998777
2012-10-18,1612835.1809903383
2012-10-19,1610621.6612659693
2012-10-22,1605765.2380806208
2012-10-23,1593554.3781346083
2012-10-24,1604215.8056966066
2012-10-25,1606202.923421979
2012-10-26,1614354.1781469584
2012-10-29,1618432.0257560015
2012-10-30,1627062.9492331743
2012-10-31,1635195.097837329
2012-11-01,1651072.361467719
2012-11-05,1650511.4432862997
2012-11-06,1656246.8339511156
2012-11-07,1654768.4860430956
2012-11-08,1645263.225770831
2012-11-09,1635175.2239557505
2012-11-12,1627972.4711495638
2012-11-13,1624341.750951171
2012-11-14,1628565.965039134
2012-11-16,1631996.0763829947
2012-11-19,1648683.2270003557
2012-11-21,1646229.6769121885
2012-11-22,1646864.9119807482
2012-11-23,1650250.6996814013
2012-11-26,1643848.1547659636
2012-11-27,1654118.3066846132
2012-11-28,1660634.17221272
2012-11-29,1665266.0211492777
2012-11-30,1681650.9446958303
2012-12-03,1672482.0861085653
2012-12-04,1670314.273622632
2012-12-05,1678572.8329707384
2012-12-06,1683454.415539384
2012-12-07,1684951.4643653631
2012-12-10,1693167.6077293158
2012-12-11,1705552.8928710222
2012-12-12,1713171.6453059912
2012-12-13,1715227.8788949251
2012-12-14,1709767.4702509642
2012-12-17,1718708.6617854834
2012-12-18,1734594.6901942492
2012-12-19,1745411.599791646
2012-12-20,1750688.6152838469
2012-12-21,1758528.6011904478
2012-12-26,1770669.9472669363
2012-12-27,1785769.49977839
2012-12-28,1803729.1710008383
