date,ticker,side,price,shares,reason
2010-05-31,GEPA3.SA,BUY,10.02971076965332,4985,REBAL_ADD
2010-05-31,CSNA3.SA,BUY,16.546981811523438,3021,REBAL_ADD
2010-05-31,AMAR3.SA,BUY,70.28882598876953,711,REBAL_ADD
2010-05-31,MULT3.SA,BUY,7.870952129364014,6352,REBAL_ADD
2010-05-31,POMO3.SA,BUY,1.029020071029663,48589,REBAL_ADD
2010-05-31,TOTS3.SA,BUY,6.686116218566895,7478,REBAL_ADD
2010-05-31,TUPY3.SA,BUY,4.319014072418213,11576,REBAL_ADD
2010-05-31,SBSP3.SA,BUY,7.722362518310547,6474,REBAL_ADD
2010-05-31,CGAS3.SA,BUY,8.10615348815918,6168,REBAL_ADD
2010-05-31,LREN3.SA,BUY,4.115617752075195,12148,REBAL_ADD
2010-05-31,CPFE3.SA,BUY,8.929064750671387,5599,REBAL_ADD
2010-05-31,BRFS3.SA,BUY,19.3186149597168,2588,REBAL_ADD
2010-05-31,MYPK3.SA,BUY,9.6520357131958,5180,REBAL_ADD
2010-05-31,RADL3.SA,BUY,1.6030104160308838,31191,REBAL_ADD
2010-05-31,PSSA3.SA,BUY,4.721000671386719,10590,REBAL_ADD
2010-05-31,POSI3.SA,BUY,12.594850540161133,3969,REBAL_ADD
2010-05-31,HYPE3.SA,BUY,17.279211044311523,2893,REBAL_ADD
2010-05-31,CEEB3.SA,BUY,12.316964149475098,4059,REBAL_ADD
2010-05-31,AGRO3.SA,BUY,4.313584804534912,11591,REBAL_ADD
2010-05-31,HBOR3.SA,BUY,8.310352325439453,6016,REBAL_ADD
2010-06-09,CSNA3.SA,SELL,11.878705024719238,3021,STOP_LOSS
2010-06-29,POSI3.SA,SELL,11.295384407043455,3969,STOP_LOSS
2010-06-30,MULT3.SA,SELL,7.6983747482299805,6352,REBAL_DROP
2010-06-30,POMO3.SA,SELL,1.012789249420166,48589,REBAL_DROP
2010-06-30,CGAS3.SA,SELL,7.990874767303467,6168,REBAL_DROP
2010-06-30,BRFS3.SA,SELL,19.68990898132324,2588,REBAL_DROP
2010-06-30,PSSA3.SA,SELL,4.683332443237305,10590,REBAL_DROP
2010-06-30,HYPE3.SA,SELL,16.281789779663086,2893,REBAL_DROP
2010-06-30,CEEB3.SA,SELL,12.244930267333984,4059,REBAL_DROP
2010-06-30,AGRO3.SA,SELL,4.145647048950195,11591,REBAL_DROP
2010-06-30,FLRY3.SA,BUY,5.290706157684326,8952,REBAL_ADD
2010-06-30,CGRA3.SA,BUY,6.188539028167725,7653,REBAL_ADD
2010-06-30,TGMA3.SA,BUY,8.204338073730469,5772,REBAL_ADD
2010-06-30,ALPA3.SA,BUY,3.6927099227905273,12826,REBAL_ADD
2010-06-30,GUAR3.SA,BUY,5.862382411956787,8079,REBAL_ADD
2010-06-30,EQTL3.SA,BUY,2.494684219360352,18985,REBAL_ADD
2010-06-30,EGIE3.SA,BUY,7.3489885330200195,6444,REBAL_ADD
2010-06-30,VIVT3.SA,BUY,5.577022552490234,8492,REBAL_ADD
2010-06-30,ODPV3.SA,BUY,2.7795419692993164,17040,REBAL_ADD
2010-06-30,RENT3.SA,BUY,4.453044414520264,10636,REBAL_ADD
2010-07-13,GEPA3.SA,SELL,9.0061674118042,4985,STOP_LOSS
2010-07-14,ALPA3.SA,SELL,3.248649835586548,12826,STOP_LOSS
2010-07-22,TGMA3.SA,SELL,7.366173267364502,5772,STOP_LOSS
2010-08-25,EQTL3.SA,SELL,1.673357367515564,18985,STOP_LOSS
2010-08-31,TOTS3.SA,SELL,6.696417808532715,7478,REBAL_DROP
2010-08-31,SBSP3.SA,SELL,7.371546268463135,6474,REBAL_DROP
2010-08-31,CPFE3.SA,SELL,10.226439476013184,5599,REBAL_DROP
2010-08-31,RADL3.SA,SELL,2.0115740299224854,31191,REBAL_DROP
2010-08-31,FLRY3.SA,SELL,5.734424114227295,8952,REBAL_DROP
2010-08-31,CGRA3.SA,SELL,6.10106897354126,7653,REBAL_DROP
2010-08-31,EGIE3.SA,SELL,8.056487083435059,6444,REBAL_DROP
2010-08-31,RENT3.SA,SELL,5.217850685119629,10636,REBAL_DROP
2010-08-31,ALPA3.SA,BUY,4.674316883087158,10413,REBAL_ADD
2010-08-31,ENEV3.SA,BUY,106.50638580322266,457,REBAL_ADD
2010-08-31,TGMA3.SA,BUY,9.801653861999512,4966,REBAL_ADD
2010-08-31,CMIG3.SA,BUY,2.153958320617676,22598,REBAL_ADD
2010-08-31,EZTC3.SA,BUY,4.351224899291992,11186,REBAL_ADD
2010-08-31,PSSA3.SA,BUY,5.373905181884766,9057,REBAL_ADD
2010-08-31,VLID3.SA,BUY,7.840136051177978,6208,REBAL_ADD
2010-08-31,MILS3.SA,BUY,13.209598541259766,3684,REBAL_ADD
2010-08-31,BRKM3.SA,BUY,7.971519470214844,6106,REBAL_ADD
2010-08-31,ABEV3.SA,BUY,3.7272350788116455,13059,REBAL_ADD
2010-08-31,ECOR3.SA,BUY,6.522984504699707,7462,REBAL_ADD
2010-08-31,LPSB3.SA,BUY,12.535467147827148,3883,REBAL_ADD
2010-09-30,LREN3.SA,SELL,5.425990104675293,12148,REBAL_DROP
2010-09-30,VIVT3.SA,SELL,6.431101322174072,8492,REBAL_DROP
2010-09-30,ALPA3.SA,SELL,4.936079025268555,10413,REBAL_DROP
2010-09-30,ENEV3.SA,SELL,101.97811889648438,457,REBAL_DROP
2010-09-30,CMIG3.SA,SELL,2.040271520614624,22598,REBAL_DROP
2010-09-30,EZTC3.SA,SELL,4.631556510925293,11186,REBAL_DROP
2010-09-30,VLID3.SA,SELL,8.113578796386719,6208,REBAL_DROP
2010-09-30,BRKM3.SA,SELL,8.092912673950195,6106,REBAL_DROP
2010-09-30,ABEV3.SA,SELL,3.8958492279052734,13059,REBAL_DROP
2010-09-30,ECOR3.SA,SELL,6.6415839195251465,7462,REBAL_DROP
2010-09-30,LPSB3.SA,SELL,13.162240982055664,3883,REBAL_DROP
2010-09-30,RENT3.SA,BUY,6.059095859527588,8519,REBAL_ADD
2010-09-30,RADL3.SA,BUY,2.3544723987579346,21924,REBAL_ADD
2010-09-30,PATI3.SA,BUY,6.495147705078125,7947,REBAL_ADD
2010-09-30,POMO3.SA,BUY,1.3082051277160645,39458,REBAL_ADD
2010-09-30,RDNI3.SA,BUY,12.79820442199707,4033,REBAL_ADD
2010-09-30,EGIE3.SA,BUY,8.781331062316895,5878,REBAL_ADD
2010-09-30,BBAS3.SA,BUY,6.310579776763916,8179,REBAL_ADD
2010-09-30,SLCE3.SA,BUY,2.21108341217041,23345,REBAL_ADD
2010-09-30,MOAR3.SA,BUY,27.59966087341309,1870,REBAL_ADD
2010-09-30,BBDC3.SA,BUY,4.790394306182861,10775,REBAL_ADD
2010-09-30,HYPE3.SA,BUY,18.46628189086914,2795,REBAL_ADD
2010-11-30,AMAR3.SA,SELL,102.01609802246094,711,REBAL_DROP
2010-11-30,GUAR3.SA,SELL,7.725618362426758,8079,REBAL_DROP
2010-11-30,ODPV3.SA,SELL,4.525858879089356,17040,REBAL_DROP
2010-11-30,RENT3.SA,SELL,6.00666618347168,8519,REBAL_DROP
2010-11-30,RADL3.SA,SELL,2.287981510162353,21924,REBAL_DROP
2010-11-30,RDNI3.SA,SELL,12.423086166381836,4033,REBAL_DROP
2010-11-30,BBAS3.SA,SELL,6.487034797668457,8179,REBAL_DROP
2010-11-30,SLCE3.SA,SELL,2.222933292388916,23345,REBAL_DROP
2010-11-30,BBDC3.SA,SELL,4.711382865905762,10775,REBAL_DROP
2010-11-30,HYPE3.SA,SELL,19.056304931640625,2795,REBAL_DROP
2010-11-30,LPSB3.SA,BUY,17.182233810424805,3332,REBAL_ADD
2010-11-30,SCAR3.SA,BUY,18.629663467407227,3073,REBAL_ADD
2010-11-30,SMTO3.SA,BUY,5.341548919677734,10718,REBAL_ADD
2010-11-30,TOTS3.SA,BUY,8.775397300720215,6524,REBAL_ADD
2010-11-30,CGRA3.SA,BUY,6.560290813446045,8727,REBAL_ADD
2010-11-30,EZTC3.SA,BUY,5.2856621742248535,10831,REBAL_ADD
2010-11-30,ECOR3.SA,BUY,8.242681503295898,6945,REBAL_ADD
2010-11-30,TPIS3.SA,BUY,24.043371200561523,2381,REBAL_ADD
2010-11-30,YDUQ3.SA,BUY,6.072936058044434,9427,REBAL_ADD
2010-11-30,CGAS3.SA,BUY,9.357619285583496,6118,REBAL_ADD
2010-12-16,ECOR3.SA,SELL,7.286970615386963,6945,STOP_LOSS
2011-01-31,YDUQ3.SA,SELL,5.368341445922852,9427,STOP_LOSS
2011-01-31,MYPK3.SA,SELL,12.286633491516112,5180,REBAL_DROP
2011-01-31,TGMA3.SA,SELL,11.776065826416016,4966,REBAL_DROP
2011-01-31,PSSA3.SA,SELL,6.574280261993408,9057,REBAL_DROP
2011-01-31,MILS3.SA,SELL,17.139657974243164,3684,REBAL_DROP
2011-01-31,EGIE3.SA,SELL,9.105422973632812,5878,REBAL_DROP
2011-01-31,LPSB3.SA,SELL,15.604496002197266,3332,REBAL_DROP
2011-01-31,SCAR3.SA,SELL,17.23467254638672,3073,REBAL_DROP
2011-01-31,TOTS3.SA,SELL,8.380558013916016,6524,REBAL_DROP
2011-01-31,CGRA3.SA,SELL,6.16667366027832,8727,REBAL_DROP
2011-01-31,EZTC3.SA,SELL,5.4725494384765625,10831,REBAL_DROP
2011-01-31,EMBR3.SA,BUY,12.368206024169922,4529,REBAL_ADD
2011-01-31,VLID3.SA,BUY,9.463628768920898,5919,REBAL_ADD
2011-01-31,ALPA3.SA,BUY,5.858522891998291,9562,REBAL_ADD
2011-01-31,PNVL3.SA,BUY,2.5012969970703125,22398,REBAL_ADD
2011-01-31,LIGT3.SA,BUY,18.41470718383789,3042,REBAL_ADD
2011-01-31,VIVT3.SA,BUY,6.7954206466674805,8244,REBAL_ADD
2011-01-31,BRKM3.SA,BUY,9.94272232055664,5634,REBAL_ADD
2011-01-31,BRAP3.SA,BUY,3.969847440719605,14112,REBAL_ADD
2011-01-31,CMIG3.SA,BUY,2.3044378757476807,24311,REBAL_ADD
2011-01-31,FLRY3.SA,BUY,6.678175926208496,8389,REBAL_ADD
2011-01-31,ECOR3.SA,BUY,7.7205047607421875,7256,REBAL_ADD
2011-01-31,BRFS3.SA,BUY,22.891969680786133,2447,REBAL_ADD
2011-02-01,ALPA3.SA,SELL,5.262819290161133,9562,STOP_LOSS
2011-02-28,FLRY3.SA,SELL,5.890151977539063,8389,STOP_LOSS
2011-02-28,HBOR3.SA,SELL,13.268628120422363,6016,REBAL_DROP
2011-02-28,POMO3.SA,SELL,1.596668720245361,39458,REBAL_DROP
2011-02-28,MOAR3.SA,SELL,29.83245086669922,1870,REBAL_DROP
2011-02-28,SMTO3.SA,SELL,5.236330509185791,10718,REBAL_DROP
2011-02-28,TPIS3.SA,SELL,23.656465530395508,2381,REBAL_DROP
2011-02-28,VLID3.SA,SELL,8.909087181091309,5919,REBAL_DROP
2011-02-28,BRKM3.SA,SELL,9.503392219543455,5634,REBAL_DROP
2011-02-28,BRAP3.SA,SELL,3.734006643295288,14112,REBAL_DROP
2011-02-28,ECOR3.SA,SELL,7.60172700881958,7256,REBAL_DROP
2011-02-28,ENEV3.SA,BUY,131.79843139648438,431,REBAL_ADD
2011-02-28,CPFE3.SA,BUY,10.912407875061035,5206,REBAL_ADD
2011-02-28,TGMA3.SA,BUY,12.890018463134766,4407,REBAL_ADD
2011-02-28,AGRO3.SA,BUY,5.330801963806152,10658,REBAL_ADD
2011-02-28,CSMG3.SA,BUY,4.4418625831604,12791,REBAL_ADD
2011-02-28,SLCE3.SA,BUY,2.5641939640045166,22157,REBAL_ADD
2011-02-28,PSSA3.SA,BUY,6.700708866119385,8479,REBAL_ADD
2011-02-28,COCE3.SA,BUY,15.18366813659668,3741,REBAL_ADD
2011-02-28,LPSB3.SA,BUY,16.252880096435547,3495,REBAL_ADD
2011-02-28,TEND3.SA,BUY,4.511235237121582,12594,REBAL_ADD
2011-02-28,ELET3.SA,BUY,13.579853057861328,4183,REBAL_ADD
2011-03-31,TUPY3.SA,SELL,8.092307090759277,11576,REBAL_DROP
2011-03-31,PATI3.SA,SELL,6.780933856964111,7947,REBAL_DROP
2011-03-31,EMBR3.SA,SELL,12.349909782409668,4529,REBAL_DROP
2011-03-31,VIVT3.SA,SELL,6.900060653686523,8244,REBAL_DROP
2011-03-31,AGRO3.SA,SELL,5.062103271484375,10658,REBAL_DROP
2011-03-31,CSMG3.SA,SELL,4.192202091217041,12791,REBAL_DROP
2011-03-31,SLCE3.SA,SELL,2.6755778789520264,22157,REBAL_DROP
2011-03-31,LPSB3.SA,SELL,16.59868621826172,3495,REBAL_DROP
2011-03-31,TEND3.SA,SELL,4.511235237121582,12594,REBAL_DROP
2011-03-31,ELET3.SA,SELL,14.255953788757324,4183,REBAL_DROP
2011-03-31,CEEB3.SA,BUY,14.565058708190918,4131,REBAL_ADD
2011-03-31,SBSP3.SA,BUY,10.523730278015137,5718,REBAL_ADD
2011-03-31,EGIE3.SA,BUY,9.740686416625977,6177,REBAL_ADD
2011-03-31,SMTO3.SA,BUY,5.63070821762085,10687,REBAL_ADD
2011-03-31,JHSF3.SA,BUY,2.4013144969940186,25060,REBAL_ADD
2011-03-31,BEES3.SA,BUY,1.4144878387451172,42543,REBAL_ADD
2011-03-31,BBDC3.SA,BUY,5.07047176361084,11868,REBAL_ADD
2011-03-31,TCSA3.SA,BUY,84.5347671508789,711,REBAL_ADD
2011-03-31,ODPV3.SA,BUY,4.702260494232178,12797,REBAL_ADD
2011-03-31,POMO3.SA,BUY,1.798004150390625,33468,REBAL_ADD
2011-05-04,SMTO3.SA,SELL,4.969613075256348,10687,STOP_LOSS
2011-05-31,CGAS3.SA,SELL,11.398221969604492,6118,REBAL_DROP
2011-05-31,PNVL3.SA,SELL,2.405345678329468,22398,REBAL_DROP
2011-05-31,LIGT3.SA,SELL,20.018217086791992,3042,REBAL_DROP
2011-05-31,CMIG3.SA,SELL,2.6569273471832275,24311,REBAL_DROP
2011-05-31,BRFS3.SA,SELL,24.50737953186035,2447,REBAL_DROP
2011-05-31,CPFE3.SA,SELL,11.676356315612791,5206,REBAL_DROP
2011-05-31,TGMA3.SA,SELL,14.125304222106934,4407,REBAL_DROP
2011-05-31,PSSA3.SA,SELL,6.253582954406738,8479,REBAL_DROP
2011-05-31,COCE3.SA,SELL,17.307146072387695,3741,REBAL_DROP
2011-05-31,EGIE3.SA,SELL,9.524492263793944,6177,REBAL_DROP
2011-05-31,BEES3.SA,SELL,1.361656904220581,42543,REBAL_DROP
2011-05-31,BBDC3.SA,SELL,4.778687953948975,11868,REBAL_DROP
2011-05-31,ODPV3.SA,SELL,5.094388961791992,12797,REBAL_DROP
2011-05-31,GEPA3.SA,BUY,10.3636474609375,5801,REBAL_ADD
2011-05-31,BGIP3.SA,BUY,11.49948501586914,5228,REBAL_ADD
2011-05-31,MOAR3.SA,BUY,34.19773864746094,1758,REBAL_ADD
2011-05-31,PEAB3.SA,BUY,9.950132369995115,6042,REBAL_ADD
2011-05-31,EZTC3.SA,BUY,7.045685768127441,8533,REBAL_ADD
2011-05-31,LEVE3.SA,BUY,6.592068672180176,9120,REBAL_ADD
2011-05-31,VIVT3.SA,BUY,8.471224784851074,7097,REBAL_ADD
2011-05-31,CSMG3.SA,BUY,4.901523113250732,12266,REBAL_ADD
2011-05-31,TUPY3.SA,BUY,8.868430137634277,6779,REBAL_ADD
2011-05-31,MSPA3.SA,BUY,28.189348220825195,2132,REBAL_ADD
2011-05-31,BRKM3.SA,BUY,11.177608489990234,5379,REBAL_ADD
2011-05-31,VLID3.SA,BUY,10.021166801452637,5999,REBAL_ADD
2011-05-31,HBOR3.SA,BUY,15.96026611328125,3767,REBAL_ADD
2011-05-31,LREN3.SA,BUY,5.8778252601623535,10229,REBAL_ADD
2011-06-29,LEVE3.SA,SELL,5.932861328125,9120,STOP_LOSS
2011-06-30,ENEV3.SA,SELL,143.5056610107422,431,REBAL_DROP
2011-06-30,SBSP3.SA,SELL,10.73859405517578,5718,REBAL_DROP
2011-06-30,POMO3.SA,SELL,2.00018572807312,33468,REBAL_DROP
2011-06-30,BRKM3.SA,SELL,11.086732864379885,5379,REBAL_DROP
2011-06-30,HBOR3.SA,SELL,16.054706573486328,3767,REBAL_DROP
2011-06-30,LREN3.SA,SELL,5.858889579772949,10229,REBAL_DROP
2011-06-30,CMIG3.SA,BUY,2.8479039669036865,21290,REBAL_ADD
2011-06-30,LIGT3.SA,BUY,21.64769744873047,2800,REBAL_ADD
2011-06-30,COCE3.SA,BUY,17.620784759521484,3441,REBAL_ADD
2011-06-30,ALPA3.SA,BUY,5.926926612854004,10230,REBAL_ADD
2011-06-30,PNVL3.SA,BUY,2.5286333560943604,23978,REBAL_ADD
2011-06-30,CGAS3.SA,BUY,11.278328895568848,5376,REBAL_ADD
2011-06-30,BBDC3.SA,BUY,4.907027721405029,12356,REBAL_ADD
2011-07-11,EZTC3.SA,SELL,6.312802314758301,8533,STOP_LOSS
2011-07-13,ALPA3.SA,SELL,5.310524940490723,10230,STOP_LOSS
2011-07-18,BBDC3.SA,SELL,4.34480619430542,12356,STOP_LOSS
2011-07-19,CGAS3.SA,SELL,10.002422332763672,5376,STOP_LOSS
2011-08-04,TCSA3.SA,SELL,75.73262023925781,711,STOP_LOSS
2011-08-04,VLID3.SA,SELL,8.58716106414795,5999,STOP_LOSS
2011-08-04,LIGT3.SA,SELL,19.08182144165039,2800,STOP_LOSS
2011-08-08,MOAR3.SA,SELL,28.495895385742188,1758,STOP_LOSS
2011-08-08,VIVT3.SA,SELL,7.504507064819336,7097,STOP_LOSS
2011-08-08,CMIG3.SA,SELL,2.421276330947876,21290,STOP_LOSS
2011-08-08,PNVL3.SA,SELL,2.159589529037476,23978,STOP_LOSS
2011-08-09,BGIP3.SA,SELL,10.2385892868042,5228,STOP_LOSS
2011-08-31,TUPY3.SA,SELL,8.516861915588379,6779,REBAL_DROP
2011-08-31,ABEV3.SA,BUY,5.259030342102051,10127,REBAL_ADD
2011-08-31,PNVL3.SA,BUY,2.6255006790161133,20286,REBAL_ADD
2011-08-31,VIVT3.SA,BUY,8.899765014648438,5984,REBAL_ADD
2011-08-31,BRFS3.SA,BUY,26.39692687988281,2017,REBAL_ADD
2011-08-31,ECOR3.SA,BUY,8.35149097442627,6377,REBAL_ADD
2011-08-31,CMIG3.SA,BUY,2.698250293731689,19739,REBAL_ADD
2011-08-31,LREN3.SA,BUY,5.893352508544922,9037,REBAL_ADD
2011-08-31,LIGT3.SA,BUY,20.202547073364254,2636,REBAL_ADD
2011-08-31,ODPV3.SA,BUY,4.967641830444336,10722,REBAL_ADD
2011-08-31,EZTC3.SA,BUY,6.683409214019775,7969,REBAL_ADD
2011-08-31,HBOR3.SA,BUY,15.248339653015137,3493,REBAL_ADD
2011-08-31,EQTL3.SA,BUY,1.8580938577651975,28665,REBAL_ADD
2011-08-31,RENT3.SA,BUY,5.967234611511231,8925,REBAL_ADD
2011-09-19,EZTC3.SA,SELL,5.933866024017334,7969,STOP_LOSS
2011-09-21,LREN3.SA,SELL,5.140069007873535,9037,STOP_LOSS
2011-09-22,HBOR3.SA,SELL,13.54842758178711,3493,STOP_LOSS
2011-09-30,RENT3.SA,SELL,5.36792516708374,8925,STOP_LOSS
2011-09-30,JHSF3.SA,SELL,2.546872615814209,25060,REBAL_DROP
2011-09-30,PEAB3.SA,SELL,9.491833686828612,6042,REBAL_DROP
2011-09-30,MSPA3.SA,SELL,25.69538307189941,2132,REBAL_DROP
2011-09-30,CMIG3.SA,SELL,2.490520715713501,19739,REBAL_DROP
2011-09-30,LIGT3.SA,SELL,18.24127769470215,2636,REBAL_DROP
2011-09-30,EQTL3.SA,SELL,1.818893551826477,28665,REBAL_DROP
2011-09-30,BGIP3.SA,BUY,13.319330215454102,3861,REBAL_ADD
2011-09-30,ITSA3.SA,BUY,2.9266061782836914,17575,REBAL_ADD
2011-09-30,TOTS3.SA,BUY,8.373174667358398,6143,REBAL_ADD
2011-09-30,TEND3.SA,BUY,4.511235237121582,11402,REBAL_ADD
2011-09-30,VLID3.SA,BUY,9.701719284057615,5301,REBAL_ADD
2011-09-30,EGIE3.SA,BUY,9.67400074005127,5317,REBAL_ADD
2011-09-30,MULT3.SA,BUY,8.273690223693848,6217,REBAL_ADD
2011-09-30,TPIS3.SA,BUY,26.96112823486328,1907,REBAL_ADD
2011-09-30,CPFE3.SA,BUY,11.036617279052734,4660,REBAL_ADD
2011-09-30,WEGE3.SA,BUY,2.120035409927368,24262,REBAL_ADD
2011-10-05,TOTS3.SA,SELL,7.467827796936035,6143,STOP_LOSS
2011-10-31,ECOR3.SA,SELL,8.02469253540039,6377,REBAL_DROP
2011-10-31,ODPV3.SA,SELL,4.877324104309082,10722,REBAL_DROP
2011-10-31,ITSA3.SA,SELL,2.8634424209594727,17575,REBAL_DROP
2011-10-31,TEND3.SA,SELL,4.511235237121582,11402,REBAL_DROP
2011-10-31,MULT3.SA,SELL,8.283186912536621,6217,REBAL_DROP
2011-10-31,TPIS3.SA,SELL,27.47878837585449,1907,REBAL_DROP
2011-10-31,WEGE3.SA,SELL,2.185790777206421,24262,REBAL_DROP
2011-10-31,MYPK3.SA,BUY,15.325112342834473,3328,REBAL_ADD
2011-10-31,MDIA3.SA,BUY,11.31609058380127,4507,REBAL_ADD
2011-10-31,HBOR3.SA,BUY,16.345291137695312,3120,REBAL_ADD
2011-10-31,CSAN3.SA,BUY,4.104724884033203,12427,REBAL_ADD
2011-10-31,POMO3.SA,BUY,1.919912576675415,26569,REBAL_ADD
2011-10-31,GUAR3.SA,BUY,7.806745529174805,6534,REBAL_ADD
2011-10-31,LEVE3.SA,BUY,5.962955951690674,8554,REBAL_ADD
2011-10-31,EZTC3.SA,BUY,6.475203037261963,7878,REBAL_ADD
2011-11-22,GUAR3.SA,SELL,6.993578433990479,6534,STOP_LOSS
2011-11-23,MYPK3.SA,SELL,13.754114151000977,3328,STOP_LOSS
2011-11-30,COCE3.SA,SELL,17.934425354003906,3441,REBAL_DROP
2011-11-30,VIVT3.SA,SELL,9.153938293457031,5984,REBAL_DROP
2011-11-30,BGIP3.SA,SELL,13.473750114440918,3861,REBAL_DROP
2011-11-30,HBOR3.SA,SELL,15.219280242919922,3120,REBAL_DROP
2011-11-30,POMO3.SA,SELL,1.9645618200302124,26569,REBAL_DROP
2011-11-30,LEVE3.SA,SELL,5.843862056732178,8554,REBAL_DROP
2011-11-30,EZTC3.SA,SELL,6.454380512237549,7878,REBAL_DROP
2011-11-30,SCAR3.SA,BUY,19.62724876403809,2607,REBAL_ADD
2011-11-30,JHSF3.SA,BUY,3.137998104095459,16307,REBAL_ADD
2011-11-30,ENEV3.SA,BUY,159.04168701171875,321,REBAL_ADD
2011-11-30,TGMA3.SA,BUY,14.329906463623049,3570,REBAL_ADD
2011-11-30,BNBR3.SA,BUY,13.044118881225586,3922,REBAL_ADD
2011-11-30,SBSP3.SA,BUY,11.549531936645508,4430,REBAL_ADD
2011-11-30,CMIG3.SA,BUY,2.790945291519165,18334,REBAL_ADD
2011-11-30,TOTS3.SA,BUY,8.530172348022461,5998,REBAL_ADD
2011-11-30,MULT3.SA,BUY,8.734396934509277,5858,REBAL_ADD
2012-01-31,GEPA3.SA,SELL,12.368741035461426,5801,REBAL_DROP
2012-01-31,ABEV3.SA,SELL,6.023416042327881,10127,REBAL_DROP
2012-01-31,BRFS3.SA,SELL,29.650279998779297,2017,REBAL_DROP
2012-01-31,VLID3.SA,SELL,10.95594310760498,5301,REBAL_DROP
2012-01-31,EGIE3.SA,SELL,11.401947975158691,5317,REBAL_DROP
2012-01-31,MDIA3.SA,SELL,12.279271125793455,4507,REBAL_DROP
2012-01-31,ENEV3.SA,SELL,172.66331481933594,321,REBAL_DROP
2012-01-31,TGMA3.SA,SELL,14.998258590698242,3570,REBAL_DROP
2012-01-31,TOTS3.SA,SELL,7.913730621337891,5998,REBAL_DROP
2012-01-31,BGIP3.SA,BUY,15.91063117980957,3653,REBAL_ADD
2012-01-31,MYPK3.SA,BUY,18.61222267150879,3123,REBAL_ADD
2012-01-31,MOAR3.SA,BUY,34.875457763671875,1666,REBAL_ADD
2012-01-31,LEVE3.SA,BUY,6.864007949829102,8469,REBAL_ADD
2012-01-31,RADL3.SA,BUY,2.4076504707336426,24145,REBAL_ADD
2012-01-31,ODPV3.SA,BUY,5.29416561126709,10980,REBAL_ADD
2012-01-31,MILS3.SA,BUY,18.003170013427734,3229,REBAL_ADD
2012-01-31,GRND3.SA,BUY,1.422579646110535,40865,REBAL_ADD
2012-01-31,BBAS3.SA,BUY,5.654139995574951,10281,REBAL_ADD
2012-02-15,BNBR3.SA,SELL,11.736150741577148,3922,STOP_LOSS
2012-02-29,CSAN3.SA,SELL,4.709710597991943,12427,REBAL_DROP
2012-02-29,SCAR3.SA,SELL,21.079011917114254,2607,REBAL_DROP
2012-02-29,MULT3.SA,SELL,9.409987449645996,5858,REBAL_DROP
2012-02-29,ODPV3.SA,SELL,5.421082019805908,10980,REBAL_DROP
2012-02-29,MILS3.SA,SELL,18.601062774658203,3229,REBAL_DROP
2012-02-29,GRND3.SA,SELL,1.5229969024658203,40865,REBAL_DROP
2012-02-29,BBAS3.SA,SELL,5.782217502593994,10281,REBAL_DROP
2012-02-29,TGMA3.SA,BUY,18.01150894165039,3164,REBAL_ADD
2012-02-29,MEAL3.SA,BUY,17.747119903564453,3211,REBAL_ADD
2012-02-29,ABEV3.SA,BUY,6.732326984405518,8466,REBAL_ADD
2012-02-29,MSPA3.SA,BUY,30.229867935180664,1885,REBAL_ADD
2012-02-29,VLID3.SA,BUY,12.988218307495115,4388,REBAL_ADD
2012-02-29,ALPA3.SA,BUY,7.40486478805542,7697,REBAL_ADD
2012-02-29,HBOR3.SA,BUY,19.06950569152832,2988,REBAL_ADD
2012-02-29,EZTC3.SA,BUY,8.32406997680664,6847,REBAL_ADD
2012-04-03,MSPA3.SA,SELL,22.67239761352539,1885,STOP_LOSS
2012-04-30,CEEB3.SA,SELL,21.236068725585938,4131,REBAL_DROP
2012-04-30,PNVL3.SA,SELL,3.8692896366119385,20286,REBAL_DROP
2012-04-30,CPFE3.SA,SELL,14.687556266784668,4660,REBAL_DROP
2012-04-30,JHSF3.SA,SELL,3.855250597000122,16307,REBAL_DROP
2012-04-30,BGIP3.SA,SELL,16.20599365234375,3653,REBAL_DROP
2012-04-30,MYPK3.SA,SELL,21.50853729248047,3123,REBAL_DROP
2012-04-30,TGMA3.SA,SELL,16.677762985229492,3164,REBAL_DROP
2012-04-30,MEAL3.SA,SELL,17.368249893188477,3211,REBAL_DROP
2012-04-30,HBOR3.SA,SELL,21.401386260986328,2988,REBAL_DROP
2012-04-30,EZTC3.SA,SELL,8.984318733215332,6847,REBAL_DROP
2012-04-30,BEEF3.SA,BUY,6.747037410736084,9441,REBAL_ADD
2012-04-30,MDIA3.SA,BUY,14.82904815673828,4295,REBAL_ADD
2012-04-30,EMBR3.SA,BUY,15.15859603881836,4202,REBAL_ADD
2012-04-30,YDUQ3.SA,BUY,5.486268043518066,11610,REBAL_ADD
2012-04-30,PEAB3.SA,BUY,9.188705444335938,6932,REBAL_ADD
2012-04-30,TUPY3.SA,BUY,10.832155227661133,5880,REBAL_ADD
2012-04-30,POMO3.SA,BUY,2.652683734893799,24013,REBAL_ADD
2012-04-30,TOTS3.SA,BUY,9.90817165374756,6428,REBAL_ADD
2012-04-30,MULT3.SA,BUY,10.857675552368164,5866,REBAL_ADD
2012-04-30,SCAR3.SA,BUY,25.74251365661621,2474,REBAL_ADD
2012-04-30,GRND3.SA,BUY,1.6995952129364014,37479,REBAL_ADD
2012-05-18,POMO3.SA,SELL,2.37507700920105,24013,STOP_LOSS
2012-05-23,BEEF3.SA,SELL,5.966129779815674,9441,STOP_LOSS
2012-05-24,EMBR3.SA,SELL,13.471231460571287,4202,STOP_LOSS
2012-05-30,ALPA3.SA,SELL,6.639089107513428,7697,STOP_LOSS
2012-05-31,CSMG3.SA,SELL,6.92376184463501,12266,REBAL_DROP
2012-05-31,MOAR3.SA,SELL,37.39260482788086,1666,REBAL_DROP
2012-05-31,RADL3.SA,SELL,3.129313707351685,24145,REBAL_DROP
2012-05-31,ABEV3.SA,SELL,7.349606037139893,8466,REBAL_DROP
2012-05-31,WEGE3.SA,BUY,2.394272804260254,26423,REBAL_ADD
2012-05-31,BNBR3.SA,BUY,11.815183639526367,5354,REBAL_ADD
2012-05-31,MILS3.SA,BUY,20.55896377563477,3077,REBAL_ADD
2012-05-31,EQTL3.SA,BUY,2.3312971591949463,27137,REBAL_ADD
2012-05-31,MEAL3.SA,BUY,16.745512008666992,3778,REBAL_ADD
2012-05-31,ODPV3.SA,BUY,5.999278545379639,10545,REBAL_ADD
2012-05-31,SLCE3.SA,BUY,2.4027271270751958,26330,REBAL_ADD
2012-05-31,ECOR3.SA,BUY,10.01416015625,6317,REBAL_ADD
2012-07-17,WEGE3.SA,SELL,2.154118776321411,26423,STOP_LOSS
2012-07-31,MDIA3.SA,SELL,15.229690551757812,4295,REBAL_DROP
2012-07-31,YDUQ3.SA,SELL,5.81590461730957,11610,REBAL_DROP
2012-07-31,TOTS3.SA,SELL,10.081533432006836,6428,REBAL_DROP
2012-07-31,BNBR3.SA,SELL,11.815183639526367,5354,REBAL_DROP
2012-07-31,EQTL3.SA,SELL,2.4042484760284424,27137,REBAL_DROP
2012-07-31,ODPV3.SA,SELL,5.568516254425049,10545,REBAL_DROP
2012-07-31,SLCE3.SA,SELL,2.7784624099731445,26330,REBAL_DROP
2012-07-31,ECOR3.SA,SELL,10.293364524841309,6317,REBAL_DROP
2012-07-31,GEPA3.SA,BUY,13.727124214172363,4695,REBAL_ADD
2012-07-31,BEEF3.SA,BUY,7.192154407501221,8961,REBAL_ADD
2012-07-31,CSMG3.SA,BUY,8.212759017944336,7848,REBAL_ADD
2012-07-31,CGRA3.SA,BUY,7.434996604919434,8669,REBAL_ADD
2012-07-31,RADL3.SA,BUY,3.937347412109375,16369,REBAL_ADD
2012-07-31,BGIP3.SA,BUY,16.375144958496094,3936,REBAL_ADD
2012-07-31,TGMA3.SA,BUY,19.5532341003418,3296,REBAL_ADD
2012-07-31,COCE3.SA,BUY,22.075031280517575,2919,REBAL_ADD
2012-07-31,PNVL3.SA,BUY,4.317330360412598,14929,REBAL_ADD
2012-08-15,PNVL3.SA,SELL,3.8419265747070312,14929,STOP_LOSS
2012-08-16,RADL3.SA,SELL,3.4796738624572754,16369,STOP_LOSS
2012-08-31,SBSP3.SA,SELL,20.70642852783203,4430,REBAL_DROP
2012-08-31,CMIG3.SA,SELL,4.53055477142334,18334,REBAL_DROP
2012-08-31,LEVE3.SA,SELL,9.64067268371582,8469,REBAL_DROP
2012-08-31,PEAB3.SA,SELL,9.367783546447754,6932,REBAL_DROP
2012-08-31,TUPY3.SA,SELL,15.137146949768066,5880,REBAL_DROP
2012-08-31,MULT3.SA,SELL,12.577569961547852,5866,REBAL_DROP
2012-08-31,MEAL3.SA,SELL,19.12917709350586,3778,REBAL_DROP
2012-08-31,CSMG3.SA,SELL,7.860830783843994,7848,REBAL_DROP
2012-08-31,BGIP3.SA,SELL,16.09739875793457,3936,REBAL_DROP
2012-08-31,TGMA3.SA,SELL,18.490026473999023,3296,REBAL_DROP
2012-08-31,COCE3.SA,SELL,24.94889259338379,2919,REBAL_DROP
2012-08-31,MOAR3.SA,BUY,49.42647933959961,1446,REBAL_ADD
2012-08-31,YDUQ3.SA,BUY,7.261236190795898,9847,REBAL_ADD
2012-08-31,PTBL3.SA,BUY,1.7692911624908447,40416,REBAL_ADD
2012-08-31,JHSF3.SA,BUY,5.080162525177002,14076,REBAL_ADD
2012-08-31,EZTC3.SA,BUY,10.4781494140625,6824,REBAL_ADD
2012-08-31,HBOR3.SA,BUY,24.692163467407227,2895,REBAL_ADD
2012-08-31,MDIA3.SA,BUY,16.715517044067383,4277,REBAL_ADD
2012-08-31,GUAR3.SA,BUY,9.347658157348633,7649,REBAL_ADD
2012-08-31,POMO3.SA,BUY,3.064774513244629,23332,REBAL_ADD
2012-08-31,SMTO3.SA,BUY,5.548503875732422,12887,REBAL_ADD
2012-08-31,PFRM3.SA,BUY,8.780290603637695,8144,REBAL_ADD
2012-08-31,CSAN3.SA,BUY,5.294928550720215,13505,REBAL_ADD
2012-08-31,QUAL3.SA,BUY,12.22111988067627,5851,REBAL_ADD
2012-10-31,MILS3.SA,SELL,26.045360565185547,3077,REBAL_DROP
2012-10-31,BEEF3.SA,SELL,8.589978218078613,8961,REBAL_DROP
2012-10-31,CGRA3.SA,SELL,8.506508827209473,8669,REBAL_DROP
2012-10-31,PTBL3.SA,SELL,1.865797996520996,40416,REBAL_DROP
2012-10-31,HBOR3.SA,SELL,25.98577690124512,2895,REBAL_DROP
2012-10-31,POMO3.SA,SELL,3.160573005676269,23332,REBAL_DROP
2012-10-31,PFRM3.SA,SELL,10.146112442016602,8144,REBAL_DROP
2012-10-31,QUAL3.SA,SELL,12.766324043273926,5851,REBAL_DROP
2012-10-31,PEAB3.SA,BUY,9.526559829711914,8039,REBAL_ADD
2012-10-31,TECN3.SA,BUY,17.833032608032227,4294,REBAL_ADD
2012-10-31,MEAL3.SA,BUY,20.844621658325195,3674,REBAL_ADD
2012-10-31,AMAR3.SA,BUY,121.20928955078124,631,REBAL_ADD
2012-10-31,TPIS3.SA,BUY,32.5494384765625,2352,REBAL_ADD
2012-10-31,LEVE3.SA,BUY,10.96466064453125,6984,REBAL_ADD
2012-10-31,CGAS3.SA,BUY,13.360159873962402,5732,REBAL_ADD
2012-10-31,PNVL3.SA,BUY,5.058075428009033,15141,REBAL_ADD
2012-11-30,GEPA3.SA,SELL,19.229143142700195,4695,REBAL_DROP
2012-11-30,MOAR3.SA,SELL,49.437931060791016,1446,REBAL_DROP
2012-11-30,JHSF3.SA,SELL,5.557233810424805,14076,REBAL_DROP
2012-11-30,EZTC3.SA,SELL,11.02019500732422,6824,REBAL_DROP
2012-11-30,SMTO3.SA,SELL,5.637504577636719,12887,REBAL_DROP
2012-11-30,CSAN3.SA,SELL,6.154962062835693,13505,REBAL_DROP
2012-11-30,LEVE3.SA,SELL,11.367427825927734,6984,REBAL_DROP
2012-11-30,PTBL3.SA,BUY,2.5027427673339844,31423,REBAL_ADD
2012-11-30,WEGE3.SA,BUY,3.1741321086883545,24776,REBAL_ADD
2012-11-30,ABEV3.SA,BUY,9.22025203704834,8529,REBAL_ADD
2012-11-30,PMAM3.SA,BUY,66.13556671142578,1189,REBAL_ADD
2012-11-30,BBDC3.SA,BUY,6.2295989990234375,12624,REBAL_ADD
2012-11-30,POMO3.SA,BUY,3.3996341228485107,23133,REBAL_ADD
2012-11-30,TUPY3.SA,BUY,16.13768196105957,4873,REBAL_ADD
2012-12-28,VLID3.SA,SELL,24.4834098815918,4388,FINAL
2012-12-28,SCAR3.SA,SELL,37.476322174072266,2474,FINAL
2012-12-28,GRND3.SA,SELL,2.938352108001709,37479,FINAL
2012-12-28,YDUQ3.SA,SELL,9.61710262298584,9847,FINAL
2012-12-28,MDIA3.SA,SELL,20.71928024291992,4277,FINAL
2012-12-28,GUAR3.SA,SELL,11.09464168548584,7649,FINAL
2012-12-28,PEAB3.SA,SELL,9.526559829711914,8039,FINAL
2012-12-28,TECN3.SA,SELL,18.98160171508789,4294,FINAL
2012-12-28,MEAL3.SA,SELL,25.23296165466309,3674,FINAL
2012-12-28,AMAR3.SA,SELL,133.13616943359375,631,FINAL
2012-12-28,TPIS3.SA,SELL,36.49040985107422,2352,FINAL
2012-12-28,CGAS3.SA,SELL,15.464766502380373,5732,FINAL
2012-12-28,PNVL3.SA,SELL,7.759951591491699,15141,FINAL
2012-12-28,PTBL3.SA,SELL,2.900209665298462,31423,FINAL
2012-12-28,WEGE3.SA,SELL,3.151841163635254,24776,FINAL
2012-12-28,ABEV3.SA,SELL,10.04042911529541,8529,FINAL
2012-12-28,PMAM3.SA,SELL,80.7961654663086,1189,FINAL
2012-12-28,BBDC3.SA,SELL,6.615217685699463,12624,FINAL
2012-12-28,POMO3.SA,SELL,3.726731300354004,23133,FINAL
2012-12-28,TUPY3.SA,SELL,15.9730806350708,4873,FINAL
